Sample_Id,SV_Status,Site1_Hugo_Symbol,Site1_Ensembl_Transcript_Id,Site1_Region,Site1_Region_Number,Site1_Chromosome,Site1_Position,Site1_Description,Site2_Hugo_Symbol,Site2_Ensembl_Transcript_Id,Site2_Region,Site2_Region_Number,Site2_Chromosome,Site2_Position,Site2_Description,Site2_Effect_On_Frame,Class,Connection_Type,Event_Info,Breakpoint_Type,Annotation,Comments,Confidence_Class,Normal_Read_Count,Normal_Variant_Count,Normal_Paired_End_Read_Count,Normal_Split_Read_Count,SV_Length,SV_VariantId,Tumor_Read_Count,Tumor_Variant_Count,DNA_support
P-0001347-T02-IM5,SOMATIC,TP53,,3_Prime_UTR,,17,7572319.0,3-UTR of TP53(-): 608bp after coding stop,,,Exon,10.0,17,7574026.0,Exon 10 of TP53(-),,DELETION,3to5,TP53 - intragenic,PRECISE,TP53 (NM_000546) rearrangement: c.1001_c.*608del,The TP53 (NM_000546) rearrangement is an intragenic deletion of exons 10-11. The functional significance is undetermined.,MANUAL_OK,4745.0,0.0,18.0,40.0,1707.0,69051.0,3643.0,18.0,Yes
P-0001867-T01-IM3,SOMATIC,APC,,Exon,16.0,5,112173414.0,Exon 16 of APC(+),,,IGR:,,5,112189021.0,IGR: 7Kb after APC(+),,DELETION,3to5,APC - intragenic,PRECISE,,,AUTO_OK,36212.0,0.0,22.0,84.0,15607.0,661.0,16865.0,63.0,Yes
P-0002407-T01-IM3,SOMATIC,ATR,,Exon,3.0,3,142285020.0,Exon 3 of ATR(-),,,IGR:,,3,142301931.0,IGR: 4Kb after ATR(-),,DELETION,3to5,ATR - intragenic,PRECISE,,deletion of first 3 exons,AUTO_OK,5248.0,0.0,22.0,45.0,16911.0,3273.0,4405.0,25.0,Yes
P-0002488-T01-IM3,SOMATIC,SMAD4,,Exon,12.0,18,48604772.0,Exon 12 of SMAD4(+),,,3_Prime_UTR,,18,48606495.0,3-UTR of SMAD4(+): 2Kb after coding stop,,DELETION,3to5,SMAD4 - intragenic,PRECISE,,,MANUAL_OK,581.0,0.0,71.0,99.0,1723.0,3634.0,122.0,122.0,Yes
P-0002665-T01-IM3,SOMATIC,DIS3,,Intron,2.0,13,73355156.0,Intron of DIS3(-): 15bp before exon 2,PIBF1,,Intron,2.0,13,73358073.0,Intron of PIBF1(+): 214bp after exon 2,,DELETION,3to5,DIS3-PIBF1 Fusion,PRECISE,,"Note: DIS3-PIBF1 deletion is a rearrangement event in which DIS3 fuses to PIBF1 in an anti-sense manner and does not produce a meaningful fusion transcript, however, it could potentially disable DIS3 function.",MANUAL_OK,1718.0,0.0,17.0,27.0,2917.0,4507.0,1415.0,21.0,Yes
P-0002778-T01-IM3,SOMATIC,BMPR1B,,Exon,4.0,4,96025687.0,Exon 4 of BMPR1B(+),TET2,,Exon,3.0,4,106156370.0,Exon 3 of TET2(+),,INVERSION,5to5,BMPR1B-TET2 Fusion,PRECISE,,"Note: The TET2-BMPR1B inversion is a rearrangement event, which inverts part of exon 3 and exons 4-11 of TET2 with exons 4-13 of BMPR1B. Its functional significance is undetermined.",MANUAL_OK,23692.0,0.0,19.0,40.0,10130683.0,5535.0,28487.0,9.0,Yes
P-0002778-T01-IM3,SOMATIC,TET2,,Exon,3.0,4,106156519.0,Exon 3 of TET2(+),SEC24B,,IGR:,,4,110351841.0,IGR: 3Kb before SEC24B(+),,DELETION,3to5,TET2-SEC24B Fusion,PRECISE,,"Note: The TET2 deletion is a rearrangement event, which results in partial deletion of exon 3 and exons 4-11 of TET2. Its functional significance is undetermined",MANUAL_OK,48312.0,0.0,28.0,61.0,4195322.0,5533.0,50902.0,32.0,Yes
P-0002778-T01-IM3,SOMATIC,TET2,,Exon,3.0,4,106156573.0,Exon 3 of TET2(+),PAPSS1,,IGR:,,4,108499812.0,IGR: 35Kb before PAPSS1(-),,DUPLICATION,5to3,TET2-PAPSS1 Fusion,PRECISE,,"Note: The TET2 duplication is a rearrangement event, which includes duplication of part of exon 3 and exons 4-11 of TET2. Its functional significance is undetermined.",MANUAL_OK,45890.0,0.0,13.0,30.0,2343239.0,5534.0,46395.0,15.0,Yes
P-0002792-T01-IM3,SOMATIC,BRCA1,,3_Prime_UTR,,17,41197391.0,3-UTR of BRCA1(-): 304bp after coding stop,SMAD3,,Exon,7.0,15,67477119.0,Exon 7 of SMAD3(+),,TRANSLOCATION,5to5,BRCA1-SMAD3 Fusion,PRECISE,,Note: BRCA1 - SMAD3 translocation is a translocation event in which 3 UTR of BRCA1 is fused to exons 7 to 9 of SMAD3 gene. Its functional significance is undetermined.,MANUAL_OK,0.0,0.0,33.0,72.0,0.0,5574.0,0.0,33.0,Yes
P-0003130-T01-IM5,SOMATIC,GLI1,,Exon,11.0,12,57864464.0,Exon 11 of GLI1(+),TSPAN8,,IGR:,,12,71414253.0,IGR: 105Kb before TSPAN8(-),,DUPLICATION,5to3,GLI1-TSPAN8 Fusion,PRECISE,,"c.1941:GLI1_g.71414253dup    Note 2: The GLI1 (NM_005269) rearrangement event is a duplication which results in the duplication of part of exon 11 and all of exon 12 of GLI1. Its functional significance is undetermined    duplication of last exon and UTR, might not do anything!   undetermined function note",MANUAL_OK,71737.0,1.0,17.0,29.0,13549789.0,8723.0,70316.0,19.0,Yes
P-0003725-T01-IM5,SOMATIC,FGFR1,,Exon,9.0,8,38275811.0,Exon 9 of FGFR1(-),CLVS1,,IGR:,,8,62143239.0,IGR: 57Kb before CLVS1(+),,INVERSION,3to3,FGFR1-CLVS1 Fusion,PRECISE,c.1359:FGFR1_g.62143239inv,The FGFR1 (NM_001174067) rearrangement event results in the inversion of exons 9-19. The functional significance is undetermined.,MANUAL_OK,59503.0,0.0,49.0,65.0,23867428.0,13144.0,76398.0,46.0,Yes
P-0004454-T01-IM5,SOMATIC,TSC2,,3_Prime_UTR,,16,2088970.0,3-UTR of SLC9A3R2(+): 985bp after coding stop,,,Intron,26.0,16,2127535.0,Intron of TSC2(+): 64bp before exon 26,,DELETION,3to5,TSC2 - intragenic,PRECISE,TSC2 (NM_000548) rearrangement : chr16:g.2088970_c.2838-64:TSC2del,Note: The TSC2 (NM_000548) rearrangement event results in the deletion of TSC2 exons 1-25.,MANUAL_OK,30643.0,0.0,8.0,8.0,38565.0,21297.0,26528.0,8.0,Yes
P-0005307-T01-IM5,SOMATIC,FYN,,Intron,6.0,6,112029303.0,Intron of FYN(-): 80bp before exon 6,NT5DC1,,IGR:,,6,116410524.0,IGR: 11Kb before NT5DC1(+),,DELETION,3to5,FYN-NT5DC1 Fusion,PRECISE,FYN (NM_153047) rearrangement:  c.345-80_chr6:g.116410524del,The FYN (NM_153047) rearrangement is a deletion of FYN exons 1-2. The functional significance is undetermined.,MANUAL_OK,9596.0,0.0,6.0,13.0,4381221.0,46869.0,8088.0,6.0,Yes
P-0005910-T01-IM5,SOMATIC,TCF7L2,,Intron,5.0,10,114900931.0,Intron of TCF7L2(+): 12bp before exon 5,LRRC27,,Intron,10.0,10,134178279.0,Intron of LRRC27(+): 649bp before exon 10,,INVERSION,5to5,TCF7L2-LRRC27 Fusion,PRECISE,TCF7L2 (NM_001146274) and LRRC27 (NM_030626) rearrangement : c.553-12:TCF7L2_c.1290-649:LRRC27inv,"Note: The TCF7L2 (NM_001146274) and LRRC27 (NM_030626) rearrangement  event results in the inversion of TCF7L2 exons 6-14, potentially disabling the function of the gene.",MANUAL_OK,126962.0,0.0,21.0,54.0,19277348.0,64475.0,106655.0,14.0,Yes
P-0006023-T02-IM5,SOMATIC,SOX9,,Exon,2.0,17,70119010.0,Exon 2 of SOX9(+),,,3_Prime_UTR,,17,70121927.0,3-UTR of SOX9(+): 1Kb after coding stop,,DELETION,3to5,SOX9 - intragenic,PRECISE,SOX9 (NM_000346) rearrangement: c.582_c.*1399del,The SOX9 (NM_000346)  rearrangement is an intragenic deletion exon 2 - 3. The breakpoints are within exon2 and the 3-UTR of SOX9. The functional significance is undetermined.,MANUAL_OK,7197.0,0.0,41.0,66.0,2917.0,91114.0,5837.0,41.0,Yes
P-0006184-T01-IM5,SOMATIC,PGR,,Exon,2.0,11,100996767.0,Exon 2 of PGR(-),EXTL3,,5_Prime_UTR,,8,28568217.0,5-UTR of EXTL3(+): 5Kb before coding start,,TRANSLOCATION,3to5,PGR-EXTL3 Fusion,PRECISE,"PGR(NM_000926)-EXTL3(NM_001440) rearrangement: t(8,11)(p21.1;q22.1)(chr8:g.28568217::chr11:g.100996767)",The EXTL3-PGR translocation is a rearrangement which involves exon2 of PGR and 5-UTR region of EXTL3. Its functional significance is not determined.,MANUAL_OK,0.0,0.0,39.0,46.0,0.0,70121.0,0.0,38.0,Yes
P-0006730-T01-IM5,SOMATIC,KEAP1,,Exon,2.0,19,10610197.0,Exon 2 of KEAP1(-),ZNF599,,IGR:,,19,35248755.0,IGR: 224bp before ZNF599(-),,DELETION,3to5,KEAP1-ZNF599 Fusion,PRECISE,KEAP1(NM_203500) Rearrangement: c.513_chr19:35248755del,Note: The KEAP1(NM_203500) Rearrangement results in the deletion of exons 1 and 2 of KEAP1.The breakpoint is within exon2 .Its functional significance is undetermined.,MANUAL_OK,382278.0,0.0,12.0,26.0,24638558.0,108614.0,469499.0,12.0,Yes
P-0006909-T01-IM5,SOMATIC,LATS1,,Intron,3.0,6,150016368.0,Intron of LATS1(-): 11bp before exon 3,PCMT1,,Intron,1.0,6,150079494.0,Intron of PCMT1(+): 8Kb after exon 1,,DELETION,3to5,LATS1-PCMT1 Fusion,PRECISE,LATS1 (NM_004690) - PCMT1 (NM_001252049) rearrangement : c.349-11:LATS1_c.229+8402:PCMT1del,Note: The LATS1 (NM_004690) - PCMT1 (NM_001252049) rearrangement results in the deletion of LATS1 exons1-2.,MANUAL_OK,3458.0,0.0,9.0,31.0,63126.0,109834.0,2374.0,5.0,Yes
P-0007136-T01-IM5,SOMATIC,ASXL1,,Exon,11.0,20,31021147.0,Exon 11 of ASXL1(+),DNMT3B,,IGR:,,20,31397730.0,IGR: 569bp after DNMT3B(+),,DELETION,3to5,ASXL1-DNMT3B Fusion,PRECISE,ASXL1 (NM_015338) rearrangement : c.1146_chr20:g.31397730del,Note: The ASXL1 (NM_015338) rearrangement event results in the deletion of ASXL1 exons 11-12. One of the breakpoints is within ASXL1 exon11.,MANUAL_OK,61668.0,0.0,32.0,55.0,376583.0,113621.0,106057.0,32.0,Yes
P-0007169-T01-IM5,SOMATIC,TP53,,3_Prime_UTR,,17,7571803.0,3-UTR of TP53(-): 1Kb after coding stop,,,Exon,8.0,17,7577114.0,Exon 8 of TP53(-),,DELETION,3to5,TP53 - intragenic,PRECISE,TP53 (NM_000546) rearrangement: c.824_c.*1124del,The TP53 (NM_000546) rearrangement is an intragenic deletion of exons 8-11. One of the breakpoints is within exon 8. The functional significance is undetermined.,MANUAL_OK,10677.0,0.0,64.0,126.0,5311.0,113785.0,5710.0,64.0,Yes
P-0007669-T01-IM5,SOMATIC,AKAP11,,IGR:,,13,42830622.0,IGR: 16Kb before AKAP11(+),FH,,Intron,10.0,1,241661295.0,Intron of FH(-): 25bp before exon 10,,TRANSLOCATION,3to3,AKAP11-FH Fusion,IMPRECISE,FH (NM_000143) rearrangement: t(1;13)(q43;q14.11)(chr1:g.241661295::chr13:g.42830622 ),The FH (NM_000143) rearrangement is a translocation which may result in the truncation of FH. The functional significance is undetermined.,MANUAL_OK,0.0,0.0,93.0,0.0,0.0,117923.0,0.0,63.0,Yes
P-0007669-T01-IM5,SOMATIC,COL1A2,,Intron,6.0,7,94032373.0,Intron of COL1A2(+): 1Kb after exon 6,FH,,3_Prime_UTR,,1,241661124.0,3-UTR of FH(-): 4bp after coding stop,,TRANSLOCATION,5to5,COL1A2-FH Fusion,PRECISE,FH (NM_000143) rearrangement: t(1;7(q43;q22.31)(chr1:g.241661124::chr7:g.94032373  ),The FH (NM_000143) rearrangement is a translocation which may result in the truncation of FH. The functional significance is undetermined.,MANUAL_OK,0.0,0.0,77.0,51.0,0.0,117925.0,0.0,75.0,Yes
P-0007771-T01-IM5,SOMATIC,DOT1L,,Intron,27.0,19,2228256.0,Intron of DOT1L(+): 1Kb after exon 27,LOC284100,,IGR:,,17,36167655.0,IGR: 35Kb before LOC284100(-),,TRANSLOCATION,5to5,DOT1L-LOC284100 Fusion,PRECISE,DOT1L (NM_032482) rearrangement: t(17;19)(q12;p12)(chr17:g.36167655::chr19:g.2228256 ),The DOT1L (NM_032482) rearrangement is a translocation which may result in a truncated  DOT1L. The functional significance is undetermined.,MANUAL_OK,0.0,0.0,13.0,33.0,0.0,118388.0,0.0,13.0,Yes
P-0008267-T01-IM5,SOMATIC,PBRM1,,Exon,2.0,3,52713624.0,Exon 2 of PBRM1(-),CACNA1D,,IGR:,,3,53498367.0,IGR: 31Kb before CACNA1D(+),,DELETION,3to5,PBRM1-CACNA1D Fusion,PRECISE,PBRM1 (NM_018313) rearrangement: c.104:PBRM1_chr3.g.53498367del,Note: PBRM1 (NM_018313) rearrangement results in the deletion of exons 1 to 2. The breakpoint is within exon2. Its functional significance is undetermined.,MANUAL_OK,765.0,0.0,5.0,12.0,784743.0,121073.0,900.0,5.0,Yes
P-0008283-T01-IM5,SOMATIC,SMAD4,,Exon,9.0,18,48591962.0,Exon 9 of SMAD4(+),RGS17,,IGR:,,6,153659215.0,IGR: 327Kb before RGS17(-),,TRANSLOCATION,3to5,SMAD4-RGS17 Fusion,PRECISE,SMAD4 (NM_005359) rearrangement: t(6;18)(q36.2;q21.2)(chr6:g.153659215::chr18:g.48591962),The SMAD4 (NM_005359) rearrangement is a translocation which results in the truncation of SMAD4 exons 9-12. One of the breakpoints is within exon 9 of SMAD4. The functional significance is undetermined.,MANUAL_OK,0.0,0.0,20.0,16.0,0.0,121175.0,0.0,18.0,Yes
P-0008308-T01-IM5,SOMATIC,BARD1,,Exon,3.0,2,215657130.0,Exon 3 of BARD1(-),,,IGR:,,2,215687909.0,IGR: 13Kb after BARD1(-),,DELETION,3to5,BARD1 - intragenic,PRECISE,BARD1 (NM_000465) rearrangement: chr2:g.215687909_c.255del,The BARD1 (NM_000465) rearrangement is a deletion of BARD1 exons 1-3. One of the breakpoints is within exon 3. The functional significance is undetermined.,MANUAL_OK,3383.0,0.0,15.0,20.0,30779.0,121283.0,2671.0,15.0,Yes
P-0008483-T01-IM5,SOMATIC,KDM5C,ENST00000375401,Intron,12.0,X,53238278.0,Intron of KDM5C(-): 1Kb after exon 12,,ENST00000375401,Exon,7.0,X,53245123.0,Exon 7 of KDM5C(-),,INVERSION,3to3,KDM5C - intragenic,PRECISE,KDM5C (NM_004187) rearrangement: c.817_c.1746+1318inv,The KDM5C (NM_004187) rearrangement is an inversion of exons 7-12. One of the breakpoints is within exon 7. The functional significance is undetermined.,MANUAL_OK,15827.0,0.0,14.0,14.0,6845.0,122477.0,13902.0,13.0,Yes
P-0009703-T01-IM5,SOMATIC,CDH3,,IGR:,,16,68664883.0,IGR: 13Kb before CDH3(+),CDH1,,Intron,14.0,16,68861965.0,Intron of CDH1(+): 112bp before exon 14,,DELETION,3to5,CDH3-CDH1 Fusion,PRECISE,CDH1 (NM_004360) Rearrangement :   chr16:g.68664883_ c.2165-112:CDH1del,Note: The CDH1 (NM_004360) Rearrangement  results in the deletion of exons 1-13 of CDH1. Its functional significance is undetermined.,MANUAL_OK,44369.0,0.0,10.0,14.0,197082.0,136070.0,35786.0,10.0,Yes
P-0010243-T01-IM5,SOMATIC,TP53,,3_Prime_UTR,,17,7572510.0,3-UTR of TP53(-): 417bp after coding stop,,,Intron,4.0,17,7579231.0,Intron of TP53(-): 81bp after exon 4,,DELETION,3to5,TP53 - intragenic,PRECISE,TP53 (NM_000546) Rearrangement :  c.375+81_c.*417del,Note: The TP53  Rearrangement results in the intragenic deletion of exons 4-11 of TP53. Its functional significance is undetermined.,MANUAL_OK,12504.0,0.0,14.0,19.0,6721.0,144990.0,10782.0,12.0,Yes
P-0010497-T01-IM5,SOMATIC,EP300,,Exon,10.0,22,41537169.0,Exon 10 of EP300(+),,,IGR:,,22,41694128.0,IGR: 3Kb before ZC3H7B(+),,DELETION,3to5,EP300 - intragenic,PRECISE,EP300 (NM_001429) rearrangement : c.1996:EP300_chr22:g.41694128del,Note: The EP300 rearrangement event results in the deletion of EP300 exons 10-31. One of the breakpoints is within EP300 exon10.,MANUAL_OK,52613.0,0.0,6.0,13.0,156959.0,146818.0,43861.0,6.0,Yes
P-0010512-T01-IM5,SOMATIC,JAK1,,Intron,17.0,1,65309647.0,Intron of JAK1(-): 100bp after exon 17,ASB17,,IGR:,,1,76414149.0,IGR: 30Kb before ASB17(-),,INVERSION,5to5,JAK1-ASB17 Fusion,PRECISE,JAK1 (NM_002227) rearrangement : c.2403+100:JAK1_chr1:g.76414149inv see note1,Note1: The JAK1 rearrangement event results in the inversion of JAK1 exons 1-17.,MANUAL_OK,79221.0,0.0,13.0,22.0,11104502.0,146755.0,66584.0,13.0,Yes
P-0010512-T01-IM5,SOMATIC,YTHDC1,,IGR:,,4,69246009.0,IGR: 30Kb after YTHDC1(-),JAK1,,Intron,9.0,1,65326020.0,Intron of JAK1(-): 75bp before exon 9,,TRANSLOCATION,5to3,YTHDC1-JAK1 Fusion,IMPRECISE,JAK1 (NM_002227) rearrangement : t(1;4)(p31.3;q13.2)(chr1:g.65326020::chr4:g.69246009) see note2,Note2: The JAK1 rearrangement is a translocation which results in the truncation of JAK1 exons 9-25.,MANUAL_OK,0.0,0.0,12.0,0.0,0.0,146758.0,0.0,12.0,Yes
P-0001428-T01-IM3,SOMATIC,PARD3B,,Intron,2.0,2,205485556.0,Intron of PARD3B(+): 65Kb before exon 2,ERBB4,,Intron,26.0,2,212252597.0,Intron of ERBB4(-): 73bp after exon 26,,DELETION,3to5,Antisense fusion,PRECISE,None,,AUTO_OK,44257.0,0.0,5.0,4.0,6767041.0,2061.0,43290.0,5.0,Yes
P-0002321-T01-IM3,SOMATIC,CUL1,,Intron,16.0,7,148488263.0,Intron of CUL1(+): 730bp after exon 16,EZH2,,Intron,14.0,7,148511881.0,Intron of EZH2(-): 125bp after exon 14,,DELETION,3to5,Antisense fusion,PRECISE,,,AUTO_OK,12538.0,0.0,10.0,29.0,23618.0,3083.0,7013.0,14.0,Yes
P-0005529-T01-IM5,SOMATIC,CUL1,,Exon,17.0,7,148489819.0,Exon 17 of CUL1(+),EZH2,,Intron,17.0,7,148507391.0,Intron of EZH2(-): 34bp after exon 17,,DELETION,3to5,Antisense fusion,PRECISE,EZH2 (NM_004456) - CUL1 (NM_003592) rearrangement: c.2029+34:EZH2_c.1808:CUL1del,The EZH2 (NM_004456) - CUL1 (NM_003592) rearrangement is a deletion of EZH2 exons 17-20 and CUL1 exons 17-22.  The functional significance is undetermined.,MANUAL_OK,5231.0,0.0,23.0,41.0,17572.0,50136.0,4360.0,23.0,Yes
P-0010504-T01-IM5,SOMATIC,SDCCAG8,,Intron,18.0,1,243661258.0,Intron of SDCCAG8(+): 2Kb before exon 18,AKT3,,Exon,13.0,1,243663054.0,Exon 13 of AKT3(-),,DELETION,3to5,Antisense fusion,PRECISE,AKT3 (NM_181690) rearrangement: c.1389_*6+1781del,Note: The AKT3 rearrangement event results in the intragenic deletion of AKT3 exon13. One of the breakpoints is within AKT3 exon13.,MANUAL_OK,686.0,0.0,11.0,17.0,1796.0,147459.0,670.0,10.0,Yes
P-0013828-T01-IM5,SOMATIC,APC,,,,,-1.0,,PCSK1,,,,,-1.0,,,,,APC-PCSK1 fusion,,,APC (NM_000038) rearrangement: chr5:g.95664163_c.261:APCdup Note: The APC rearrangement is a duplication of 5UTR and exons 1-4. The functional significance is undetermined.,,-1.0,-1.0,-1.0,-1.0,-1.0,-1.0,-1.0,-1.0,Yes
P-0012779-T01-IM5,SOMATIC,B2M,,,,,-1.0,,,,,,,-1.0,,,,,B2M-intragenic,,,"B2M (NM_004048) rearrangement: c.67_c.68-1del Note: The B2M rearrangement is an intragenic deletion of a part of exon 1, including the splice site. One of the breakpoints is within exon 1.",,-1.0,-1.0,-1.0,-1.0,-1.0,-1.0,-1.0,-1.0,Yes
P-0012738-T01-IM5,SOMATIC,BCOR,,,,,-1.0,,,,,,,-1.0,,,,,BCOR-intragenic,,,BCOR (NM_001123385) rearrangement: c.166-539_c.904del Note: The BCOR rearrangement is an intragenic deletion of exon 4. One of the breakpoints is within exon 4. The functional significance is undetermined.,,-1.0,-1.0,-1.0,-1.0,-1.0,-1.0,-1.0,-1.0,Yes
P-0012623-T01-IM5,SOMATIC,CACNA1B,,,,,-1.0,,MGA,,,,,-1.0,,out of frame,,,CACNA1B-MGA fusion,,,CACNA1B (NM_000718) - MGA (NM_001164273) Rearrangement : t(9;15)(q22.3;p11.1)(chr9:g.140896610::chr15:g.42041234) Note: The CACNA1B - MGA Rearrangement results in the fusion of exons 1-15 of CACNA1B with exons 16-24 of MGA.Its functional significance is undetermined.,,-1.0,-1.0,-1.0,-1.0,-1.0,-1.0,-1.0,-1.0,Yes
P-0013404-T01-IM5,SOMATIC,CTNNB1,,,,,-1.0,,AKAP11,,,,,-1.0,,,,,CTNNB1-intragenic,,,CTNNB1 (NM_001904) Rearrangement : c.13+88_443del Note: The CTNNB1 Rearrangement results in the intragenic deletion of exons 2-4 of CTNNB1.  The breakpoints are within exons 2 and 4 respectively. Its functional significance is undetermined.,,-1.0,-1.0,-1.0,-1.0,-1.0,-1.0,-1.0,-1.0,Yes
P-0012683-T01-IM5,SOMATIC,CTNNB1,,,,,-1.0,,,,,,,-1.0,,,,,CTNNB1-intragenic,,,CTNNB1 (NM_001904) rearrangement: c.-48-1917_c.690inv Note: The CTNNB1 rearrangement is an inversion of exons 1-5. One of the breakpoints is within exon5. The functional significance is undetermined.,,-1.0,-1.0,-1.0,-1.0,-1.0,-1.0,-1.0,-1.0,Yes
P-0006225-T01-IM5,SOMATIC,SMARCD1,ENST00000394963,Intron,6.0,12,50482479.0,Intron of SMARCD1(+): 59bp after exon 6,,ENST00000394963,Intron,7.0,12,50483869.0,Intron of SMARCD1(+): 101bp after exon 7, in frame,DELETION,3to5,Deletion of 1 exon: in frame,PRECISE,SMARCD1 (NM_003076) rearrangement: c.771+59_c.873+101del,The SMARCD1 (NM_003076) rearrangement is an intragenic deletion of exon7. The functional significance is undetermined.,MANUAL_OK,2045.0,0.0,38.0,39.0,1390.0,70446.0,2265.0,37.0,Yes
P-0007664-T01-IM5,SOMATIC,SMAD2,ENST00000262160,Intron,7.0,18,45380596.0,Intron of SMAD2(-): 3Kb before exon 7,,ENST00000262160,Intron,4.0,18,45395526.0,Intron of SMAD2(-): 88bp after exon 4, in frame,DELETION,3to5,Deletion of 2 exons: in frame,PRECISE,SMAD2 (NM_001003652) rearrangement: c.520+88_c.731-2898del,The SMAD2 (NM_001003652) rearrangement is an intragenic deletion of exons 5-6. The functional significance is undetermined,MANUAL_OK,4753.0,0.0,18.0,28.0,14930.0,117878.0,4888.0,18.0,Yes
P-0005240-T01-IM5,SOMATIC,EGFR,ENST00000275493,Intron,5.0,7,55216890.0,Intron of EGFR(+): 2Kb before exon 5,,ENST00000275493,Intron,7.0,7,55221971.0,Intron of EGFR(+): 126bp after exon 7, in frame,DELETION,3to5,Deletion of 3 exons: in frame,PRECISE,EGFR (NM_005228) Rearrangement :  c.560-2097_889+126del,Note: The EGFR (NM_005228) Rearrangement results in the intragenic deletion of exon5 to exon7 . Its functional significance is undetermined.,MANUAL_OK,7067.0,0.0,36.0,46.0,5081.0,46101.0,26850.0,35.0,Yes
P-0009303-T01-IM5,SOMATIC,TP53,ENST00000269305,Intron,6.0,17,7577980.0,Intron of TP53(-): 197bp after exon 6,,ENST00000269305,Intron,3.0,17,7579743.0,Intron of TP53(-): 22bp before exon 3, out of frame,DELETION,3to5,Deletion of 4 exons: out of frame,PRECISE,TP53 (NM_000546) rearrangement: c.75-22_c.672+197del.,Note: The TP53 (NM_000546) rearrangement is an intragenic deletion of exons 3-6. The functional significance is undetermined.,MANUAL_OK,6377.0,0.0,21.0,42.0,1763.0,130040.0,5092.0,11.0,Yes
P-0006136-T01-IM5,SOMATIC,TCF7L2,ENST00000543371,Intron,7.0,10,114905949.0,Intron of TCF7L2(+): 93bp after exon 7,,ENST00000543371,Intron,13.0,10,114921370.0,Intron of TCF7L2(+): 920bp after exon 13, in frame,DELETION,3to5,Deletion of 6 exons: in frame,PRECISE,TCF7L2 (NM_001146274) rearrangement: c.875+93_c.1391+920del,The TCF7L2 (NM_001146274) rearrangement is an intragenic deletion of exons  9-14. The functional significance is unknown.,MANUAL_OK,20856.0,0.0,17.0,19.0,15421.0,69057.0,18862.0,17.0,Yes
P-0004140-T01-IM5,SOMATIC,BRAF,ENST00000288602,Intron,9.0,7,140488357.0,Intron of BRAF(-): 973bp before exon 9,,ENST00000288602,Intron,2.0,7,140551109.0,Intron of BRAF(-): 1Kb before exon 2, in frame,DELETION,3to5,Deletion of 7 exons: in frame,PRECISE,BRAF(NM_004333) Rearrangement : c.1141-973_139-1097del,The BRAF(NM_004333) Rearrangement results in the deletion of exons 2 to 8. Its functional significance is undetermined.,MANUAL_OK,93829.0,0.0,38.0,39.0,62752.0,15294.0,96140.0,39.0,Yes
P-0004140-T02-IM5,SOMATIC,TP53,,Intron,6.0,17,7577916.0,Intron of TP53(-): 261bp after exon 6,,,5_Prime_UTR,,17,7580658.0,5-UTR of TP53(-): 746bp before coding start,,DELETION,3to5,Deletion within transcript,PRECISE,TP53 (NM_000546) rearrangement: c.-28-718_c.672+261del,The TP53 (NM_000546) rearrangement is an intragenic deletion of exons 1-6.,MANUAL_OK,8321.0,0.0,14.0,17.0,2742.0,28749.0,5633.0,12.0,Yes
P-0004140-T03-IM5,SOMATIC,TP53,,Intron,6.0,17,7577916.0,Intron of TP53(-): 261bp after exon 6,,,5_Prime_UTR,,17,7580658.0,5-UTR of TP53(-): 746bp before coding start,,DELETION,3to5,Deletion within transcript,PRECISE,TP53 (NM_000546) rearrangement: c.672+261_c.-28-718del,Note: The TP53 rearrangement is a intragenic deletion of exons 1-6.,MANUAL_OK,8920.0,0.0,47.0,73.0,2742.0,145060.0,4744.0,45.0,Yes
P-0007883-T01-IM5,SOMATIC,FOXP1,,Intron,18.0,3,71021303.0,Intron of FOXP1(-): 403bp after exon 18,,,5_Prime_UTR,,3,71594017.0,5-UTR of FOXP1(-): 346Kb before coding start,,DELETION,3to5,Deletion within transcript,PRECISE,FOXP1 (NM_001244814) rearrangement : chr3:g.71594017_c.1652+403:FOXP1del,Note: The FOXP1 (NM_001244814) rearrangement event results in the deletion of FOXP1 exons 1-14.,MANUAL_OK,30843.0,0.0,30.0,53.0,572714.0,119530.0,21499.0,30.0,Yes
P-0001428-T01-IM3,SOMATIC,FAT1,ENST00000441802,Exon,19.0,4,187524425.0,Exon 19 of FAT1(-),,ENST00000441802,Exon,2.0,4,187628066.0,Exon 2 of FAT1(-),,DELETION,3to5,Deletion within transcript: mid-exon,PRECISE,None,,MANUAL_OK,106174.0,0.0,5.0,7.0,103641.0,2062.0,52677.0,5.0,Yes
P-0001428-T01-IM3,SOMATIC,FAT1,ENST00000441802,Intron,3.0,4,187591300.0,Intron of FAT1(-): 7Kb before exon 3,,ENST00000441802,Exon,2.0,4,187628255.0,Exon 2 of FAT1(-),,DELETION,3to5,Deletion within transcript: mid-exon,PRECISE,None,,MANUAL_OK,8244.0,0.0,6.0,5.0,36955.0,2063.0,4049.0,7.0,Yes
P-0001909-T01-IM3,SOMATIC,NOTCH2,ENST00000256646,Exon,8.0,1,120510099.0,Exon 8 of NOTCH2(-),,ENST00000256646,Intron,6.0,1,120512418.0,Intron of NOTCH2(-): 51bp before exon 6,,DELETION,3to5,Deletion within transcript: mid-exon,PRECISE,NOTCH2 (NM_024408) Deletion: c.875-51_c.1410del,,AUTO_OK,5114.0,0.0,11.0,43.0,2319.0,371.0,3737.0,14.0,Yes
P-0002395-T01-IM3,SOMATIC,CTNNB1,,5_Prime_UTR,,3,41263417.0,5-UTR of CTNNB1(+): 2Kb before coding start,,,Exon,5.0,3,41266858.0,Exon 5 of CTNNB1(+),,DELETION,3to5,Deletion within transcript: mid-exon,PRECISE,,,AUTO_OK,5157.0,0.0,32.0,51.0,3441.0,3237.0,13566.0,35.0,Yes
P-0002702-T01-IM3,SOMATIC,PARK2,ENST00000366898,Intron,6.0,6,162321422.0,Intron of PARK2(-): 73Kb after exon 6,,ENST00000366898,Exon,5.0,6,162475147.0,Exon 5 of PARK2(-),,DELETION,3to5,Deletion within transcript: mid-exon,PRECISE,,Note: The PARK2 intragenic deletion is a rearrangement event which results in the deletion of exons 5 to 6.,MANUAL_OK,4228.0,0.0,68.0,71.0,153725.0,4865.0,1506.0,74.0,Yes
P-0004967-T01-IM5,SOMATIC,TSC2,ENST00000219476,Intron,23.0,16,2125903.0,Intron of TSC2(+): 10bp after exon 23,,ENST00000219476,Exon,26.0,16,2127674.0,Exon 26 of TSC2(+),,DELETION,3to5,Deletion within transcript: mid-exon,PRECISE,TSC2 (NM_000548) rearrangement : c.2639+10_2913del,Note: The TSC2 (NM_000548) rearrangement event results in the intragenic deletion of exons TSC2 exons 24-26. One of the breakpoints is within TSC2 exon26.,MANUAL_OK,6443.0,0.0,102.0,143.0,1771.0,41539.0,4119.0,154.0,Yes
P-0005888-T01-IM5,SOMATIC,EP300,ENST00000263253,Intron,15.0,22,41547737.0,Intron of EP300(+): 100bp before exon 15,,ENST00000263253,Exon,24.0,22,41564509.0,Exon 24 of EP300(+),,DELETION,3to5,Deletion within transcript: mid-exon,PRECISE,EP300 (NM_001429)  Rearrangement :  c.2818-100_ 3931del,Note: The EP300 (NM_001429)  rearrangement results in the intragenic deletion of exons 15 to 24 of EP300. The breakpoint is within exon 24. Its functional significance is undetermined.,MANUAL_OK,15966.0,0.0,84.0,79.0,16772.0,64229.0,11350.0,80.0,Yes
P-0006681-T01-IM5,SOMATIC,APC,ENST00000257430,Intron,15.0,5,112172048.0,Intron of APC(+): 1Kb after exon 15,,ENST00000257430,Exon,16.0,5,112173268.0,Exon 16 of APC(+),,DELETION,3to5,Deletion within transcript: mid-exon,PRECISE,APC (NM_000038) rearrangement : c.1958+1186_977del,Note: The APC (NM_000038) rearrangement event affects of APC exon16 splice site.,MANUAL_OK,512.0,0.0,33.0,57.0,1220.0,108245.0,123.0,33.0,Yes
P-0006864-T01-IM5,SOMATIC,PARK2,ENST00000366898,Intron,3.0,6,162763179.0,Intron of PARK2(-): 79Kb before exon 3,,ENST00000366898,Exon,2.0,6,162864351.0,Exon 2 of PARK2(-),,DELETION,3to5,Deletion within transcript: mid-exon,PRECISE,PARK2 (NM_004562) rearrangement: c.162_c.172-79382del,The PARK2 (NM_004562) rearrangement is an intragenic deletion of exon 2. One of the breakpoints is within exon 2. (PMID: 19946270),MANUAL_OK,936.0,0.0,6.0,9.0,101172.0,109479.0,683.0,6.0,Yes
P-0006960-T01-IM5,SOMATIC,VTCN1,ENST00000369458,Intron,4.0,1,117694527.0,Intron of VTCN1(-): 1Kb after exon 4,,ENST00000369458,Exon,4.0,1,117695920.0,Exon 4 of VTCN1(-),,DELETION,3to5,Deletion within transcript: mid-exon,PRECISE,VTCN1 (NM_024626) rearrangement : c.517_724+1186del,Note: The VTCN1 (NM_024626) rearrangement event is a deletion which disrupts the 3 splice site of VTCN1 exon4. One of the breakpoints is on VTCN1 exon4.,MANUAL_OK,2034.0,0.0,26.0,46.0,1393.0,112446.0,1401.0,26.0,Yes
P-0007169-T01-IM5,SOMATIC,PARK2,ENST00000366898,Exon,6.0,6,162394382.0,Exon 6 of PARK2(-),,ENST00000366898,Intron,4.0,6,162603962.0,Intron of PARK2(-): 18Kb after exon 4,,DELETION,3to5,Deletion within transcript: mid-exon,PRECISE,PARK2 (NM_004562) rearrangement: c.534+18201_c.686del,The PARK2 (NM_004562) rearrangement is an intragenic deletion of exon 6. One of the breakpoints is within exon 6. The functional significance is undetermined.,MANUAL_OK,2922.0,0.0,11.0,18.0,209580.0,113786.0,2209.0,10.0,Yes
P-0007600-T01-IM5,SOMATIC,CTNNB1,ENST00000349496,Intron,2.0,3,41265666.0,Intron of CTNNB1(+): 94bp after exon 2,,ENST00000349496,Exon,4.0,3,41266570.0,Exon 4 of CTNNB1(+),,DELETION,3to5,Deletion within transcript: mid-exon,IMPRECISE,CTNNB1 (NM_001904) rearrangement : c.9_367del,Note: The CTNNB1 (NM_001904) rearrangement event results in the deletion of exons 2-4 of CTNBB1. The breakpoints for this event are within CTNNB1 exon2 and exon4.,MANUAL_OK,5397.0,0.0,54.0,0.0,904.0,117595.0,4895.0,51.0,Yes
P-0007664-T01-IM5,SOMATIC,SMAD2,ENST00000262160,Exon,4.0,18,45395717.0,Exon 4 of SMAD2(-),,ENST00000262160,Intron,3.0,18,45397285.0,Intron of SMAD2(-): 350bp before exon 3,,DELETION,3to5,Deletion within transcript: mid-exon,PRECISE,SMAD2 (NM_001003652) rearrangement: c.237-350_c.417del,The SMAD2 (NM_001003652) rearrangement is an intragenic deletion of exons 3-4. One of the breakpoints within exon 4 of SMAD2. The functional significance is undetermined.,MANUAL_OK,2813.0,0.0,41.0,51.0,1568.0,117879.0,2211.0,41.0,Yes
P-0007860-T01-IM5,SOMATIC,CTNNB1,ENST00000349496,Intron,2.0,3,41265673.0,Intron of CTNNB1(+): 101bp after exon 2,,ENST00000349496,Exon,3.0,3,41266211.0,Exon 3 of CTNNB1(+),,DELETION,3to5,Deletion within transcript: mid-exon,IMPRECISE,CTNNB1 (NM_001904) rearrangement: c.13+101_c.208del,The CTNNB1 (NM_001904) rearrangement is an intragenic deletion of exon 3. One of the breakpoints is within exon3 of CTNNB1. The functional significance is undetermined.,MANUAL_OK,2505.0,0.0,12.0,0.0,538.0,119317.0,2883.0,11.0,Yes
P-0009741-T01-IM5,SOMATIC,APC,ENST00000257430,Exon,16.0,5,112175874.0,Exon 16 of APC(+),,ENST00000257430,Exon,16.0,5,112177321.0,Exon 16 of APC(+),,DELETION,3to5,Deletion within transcript: mid-exon,PRECISE,APC (NM_000038) rearrangement: c.4583_c.6030del,Note: The APC (NM_000038) rearrangement is a deletion within APC exon 16.,MANUAL_OK,9139.0,0.0,17.0,27.0,1447.0,136351.0,8376.0,17.0,Yes
P-0009842-T01-IM5,SOMATIC,APC,ENST00000257430,Exon,16.0,5,112173724.0,Exon 16 of APC(+),,ENST00000257430,Exon,16.0,5,112177518.0,Exon 16 of APC(+),,DELETION,3to5,Deletion within transcript: mid-exon,PRECISE,APC (NM_000038) rearrangement: c.2433_c.6227del,Note: The APC (NM_000038) rearrangement is an intragenic deletion. Both breakpoints are within exon16.,MANUAL_OK,20951.0,0.0,14.0,22.0,3794.0,136677.0,20168.0,14.0,Yes
P-0010044-T01-IM5,SOMATIC,CTNNB1,ENST00000349496,Intron,2.0,3,41265650.0,Intron of CTNNB1(+): 78bp after exon 2,,ENST00000349496,Exon,4.0,3,41266474.0,Exon 4 of CTNNB1(+),,DELETION,3to5,Deletion within transcript: mid-exon,IMPRECISE,CTNNB1 (NM_001904) Rearrangement : c.13+78_c.271del,Note: The CTNNB1 Rearrangement results in the deletion of exons 2-4 of CTNNB1. The breakpoints are within exon2 and exon4 respectively.  Its functional significance is undetermined.,MANUAL_OK,3221.0,0.0,102.0,0.0,824.0,138104.0,2070.0,106.0,Yes
P-0010238-T01-IM5,SOMATIC,APC,ENST00000257430,Exon,16.0,5,112174447.0,Exon 16 of APC(+),,ENST00000257430,Exon,16.0,5,112176171.0,Exon 16 of APC(+),,DELETION,3to5,Deletion within transcript: mid-exon,PRECISE,APC (NM_000038) Rearrangement : c.3156_4880del,Note: The APC Rearrangement results in the partial deletion of exon 16 of APC. Both the breakpoints are within exon16. Its functional significance is undetermined.,MANUAL_OK,12737.0,0.0,99.0,125.0,1724.0,144986.0,1999.0,99.0,Yes
P-0011455-T01-IM5,SOMATIC,PARK2,ENST00000366898,Exon,6.0,6,162394398.0,Exon 6 of PARK2(-),,ENST00000366898,Intron,5.0,6,162449996.0,Intron of PARK2(-): 25Kb after exon 5,,DELETION,3to5,Deletion within transcript: mid-exon,PRECISE,PARK2 (NM_004562) Rearrangement : c.618+25127_c.670del,"Note: The PARK2 Rearrangement results in the partial deletion of exon 6 of PARK2. One of the breakpoints is within exon6. Its functional significance is undetermined,",MANUAL_OK,331.0,0.0,28.0,38.0,55598.0,153674.0,268.0,28.0,Yes
P-0012695-T01-IM5,SOMATIC,DENND3,,,,,-1.0,,TMPRSS2,,,,,-1.0,,out of frame,,,DENND3-TMPRSS2 fusion,,,"DENND3 - TMPRSS2 rearrangement: t(8;21)(q24.3;q22.3)(chr8:g.142204112::chr21:g.42873872) Note: The DENND3 - TMPRSS2 rearrangement is a translocation which results in the fusion of DENND3 exons 1-22 with TMPRSS2 exons 2-14. The functional significance is undetermined. We cannot exclude the possibility of a more complex genomic rearrangement that leads to a TMPRSS2 - ERG fusion. Additional testing by an alternate method is suggested, if clinically indicated.",,-1.0,-1.0,-1.0,-1.0,-1.0,-1.0,-1.0,-1.0,Yes
P-0006711-T01-IM5,SOMATIC,ETV6,ENST00000396373,Intron,3.0,12,11972382.0,Intron of ETV6(+): 20Kb before exon 3,,ENST00000396373,Intron,5.0,12,12020736.0,Intron of ETV6(+): 2Kb before exon 5, in frame,DUPLICATION,5to3,Duplication of 2 exons: in frame,PRECISE,ETV6 (NM_001987) rearrangement: c.164-19692_c.464-1622dup,The ETV6 (NM_001987) rearrangement is an intragenic in frame duplication of exons 3-4.  The functional significance is undetermined.,MANUAL_OK,118810.0,0.0,12.0,24.0,48354.0,108485.0,92923.0,12.0,Yes
P-0005091-T01-IM5,SOMATIC,CARD11,ENST00000396946,Intron,5.0,7,2983810.0,Intron of CARD11(-): 36bp after exon 5,,ENST00000396946,Intron,3.0,7,2990569.0,Intron of CARD11(-): 3Kb before exon 3, out of frame,DUPLICATION,5to3,Duplication of 3 exons: out of frame,PRECISE,CARD11 (NM_032415) rearrangement: c.8-3148_c.684+36dup,The CARD11 (NM_032415) rearrangement is an intragenic duplicaion of exons 3-5. The functional significance is undetermined.,MANUAL_OK,8356.0,0.0,5.0,6.0,6759.0,42930.0,10297.0,5.0,Yes
P-0006365-T01-IM5,SOMATIC,ATM,ENST00000278616,Intron,35.0,11,108172328.0,Intron of ATM(+): 47bp before exon 35,,ENST00000278616,Intron,37.0,11,108176400.0,Intron of ATM(+): 821bp after exon 37, out of frame,DUPLICATION,5to3,Duplication of 3 exons: out of frame,PRECISE,ATM (NM_000051) rearrangement: c.5178-47_c.5674+821dup,The ATM (NM_000051) rearrangement is an out of frame intragenic duplication of exons 35-37. The functional significance is undetermined.,MANUAL_OK,3604.0,0.0,8.0,23.0,4072.0,91886.0,4052.0,8.0,Yes
P-0010406-T01-IM5,SOMATIC,RASA1,ENST00000274376,Intron,21.0,5,86679456.0,Intron of RASA1(+): 74bp before exon 21,,ENST00000274376,Intron,24.0,5,86685401.0,Intron of RASA1(+): 57bp after exon 24, out of frame,DUPLICATION,5to3,Duplication of 4 exons: out of frame,PRECISE,RASA1 (NM_002890) Rearrangement : c.2691-74_ 3060+57dup,Note: The RASA1 Rearrangement results in the intragenic duplication of exons 21-24 of RASA1. Its functional significance is undetermined.,MANUAL_OK,4834.0,0.0,8.0,13.0,5945.0,145886.0,4064.0,8.0,Yes
P-0004140-T01-IM5,SOMATIC,RNF43,ENST00000407977,Intron,7.0,17,56437948.0,Intron of RNF43(-): 196bp after exon 7,,ENST00000407977,Intron,3.0,17,56451892.0,Intron of RNF43(-): 3Kb before exon 3, in frame,DUPLICATION,5to3,Duplication of 5 exons: in frame,PRECISE,RNF43(NM_017763) Rearrangement: c.849+196_253-3498dup,The RNF43(NM_017763) Rearrangement results in the duplication of exons 3 to 7 .Its functional significance is undetermined.,MANUAL_OK,8391.0,0.0,5.0,9.0,13944.0,15295.0,8966.0,5.0,Yes
P-0008429-T02-IM5,SOMATIC,PIK3R1,ENST00000274335,Intron,1.0,5,67585270.0,Intron of PIK3R1(+): 691bp after exon 1,,ENST00000274335,Intron,7.0,5,67591174.0,Intron of PIK3R1(+): 22bp after exon 7, out of frame,DUPLICATION,5to3,Duplication of 6 exons: out of frame,PRECISE,PIK3R1 (NM_181523) rearrangement : c.917-2817_1745+22dup,Note: The PIK3R1 (NM_181523) rearrangement event results in the duplication of PIK3R1 exons 8-13.,MANUAL_OK,13294.0,0.0,34.0,44.0,5904.0,122590.0,12397.0,34.0,Yes
P-0008429-T01-IM5,SOMATIC,PIK3R1,ENST00000274335,Intron,1.0,5,67585270.0,Intron of PIK3R1(+): 691bp after exon 1,,ENST00000274335,Intron,7.0,5,67591174.0,Intron of PIK3R1(+): 22bp after exon 7, out of frame,DUPLICATION,5to3,Duplication of 6 exons: out of frame,PRECISE,PIK3R1 (NM_181523) Rearrangement :  c.917-2817_1745+22dup,Note: The PIK3R1 (NM_181523) Rearrangement results in the intragenic duplication of exons 2 to 7 of PIK3R1. Its functional signficance is undetermined.,MANUAL_OK,6517.0,0.0,24.0,26.0,5904.0,121936.0,4648.0,24.0,Yes
P-0012110-T01-IM5,SOMATIC,PBRM1,ENST00000394830,Intron,29.0,3,52584306.0,Intron of PBRM1(-): 131bp after exon 29,,ENST00000394830,Intron,23.0,3,52611167.0,Intron of PBRM1(-): 453bp before exon 23, out of frame,DUPLICATION,5to3,Duplication of 7 exons: out of frame,PRECISE,PBRM1 (NM_018313) Rearrangement :  c.4576+131_c.3459-453dup,Note: The PBRM1 Rearrangement  results in the intragenic duplication of exons 23-29. Its functional significance is undetermined.,MANUAL_OK,22212.0,0.0,5.0,6.0,26861.0,156265.0,23494.0,4.0,Yes
P-0011259-T01-IM5,SOMATIC,EIF4E,,,,,-1.0,,GFRA2,,,,,-1.0,,,,,EIF4E-GFRA2 fusion,,,EIF4E (NM_001130678) Rearrangement : t(4;8)(q23;p21.3)(chr4:g.99849955::chr8:g.21254285) Note: The EIF4E Rearrangement is a translocation event which results in the possible truncation of exon1 of EIF4E. Its functional significance is undetermined.,,-1.0,-1.0,-1.0,-1.0,-1.0,-1.0,-1.0,-1.0,Yes
P-0013772-T01-IM5,SOMATIC,FAT1,,,,,-1.0,,ANXA10,,,,,-1.0,,,,,FAT1-ANXA10 fusion,,,ANXA10 (NM_007193) - FAT1 (NM_005245) rearrangement: c.19-6085:ANXA10_c.5713:FAT1inv Note: The ANXA10 - FAT1 rearrangement is an inversion which results in the fusion of ANXA10 exon 1 with FAT1 exons 10-27. One of the breakpoints is within exon 10 of FAT1. The functional significance is undetermined.,,-1.0,-1.0,-1.0,-1.0,-1.0,-1.0,-1.0,-1.0,Yes
P-0012566-T01-IM5,SOMATIC,FAT1,,,,,-1.0,,,,,,,-1.0,,in frame,,,FAT1-intragenic,,,FAT1 (NM_005245) rearrangement: c.3265+14735_c.4184-6del Note: The FAT1 rearrangement is an intragenic deletion of exons 3-6.,,-1.0,-1.0,-1.0,-1.0,-1.0,-1.0,-1.0,-1.0,Yes
P-0013277-T01-IM5,SOMATIC,FH,,,,,-1.0,,,,,,,-1.0,,,,,FH-AKAP11 fusion,,,"FH (NM_000143) rearrangement: t(1;13)(q43;q14.11)(chr1:g.241665743::chr13:g.42830282) Note: The FH rearrangement is a translocation with a breakpoint within exon 8. While this event does not appear to produce a functional gene fusion, we cannot exclude the possibility of a more complex genomic rearrangement that leads to a fusion.",,-1.0,-1.0,-1.0,-1.0,-1.0,-1.0,-1.0,-1.0,Yes
P-0013121-T03-IM5,SOMATIC,LMNA,,,,,-1.0,,NTRK1,,,,,-1.0,,,,,NTRK1-LMNA fusion,,,"LMNA (NM_170707) - NTRK1 (NM_002529) rearrangement: c.*885:LMNA_c.1355-127:NTRK1del Note: The LMNA - NTRK1 rearrangement is a deletion of the 3' UTR of LMNA as well as exons 1-11 of NTRK1, likely resulting in the fusion of exons 1-12 of LMNA to exon 12 of NTRK1. Please refer to separate Archer report.",,-1.0,-1.0,-1.0,-1.0,-1.0,-1.0,-1.0,-1.0,Yes
P-0013121-T02-IM5,SOMATIC,LMNA,,,,,-1.0,,NTRK1,,,,,-1.0,,,,,NTRK1-LMNA fusion,,,LMNA (NM_170707) - NTRK1 (NM_002529) rearrangement: c.*885:LMNA_c.1355-127:NTRK1del Note: The LMNA - NTRK1 rearrangement is a deletion which includes the 3UTR of LMNA and exons 1-11 of NTRK1. One of the breakpoints is within the 3UTR of LMNA.,,-1.0,-1.0,-1.0,-1.0,-1.0,-1.0,-1.0,-1.0,Yes
P-0014143-T01-IM5,SOMATIC,TPM3,,,,,-1.0,,NTRK1,,,,,-1.0,,in frame,,,NTRK1-TPM3 fusion,,,TPM3 (NM_152263) - NTRK1 (NM_002529) fusion (TPM3 exons 1-10 fused in-frame to NTRK1 exons 9-17): c.*1568:TPM3_c.1178-173:NTRK1inv Note: The TPM3 - NTRK1 fusion includes the kinase domain of NTRK1.,,-1.0,-1.0,-1.0,-1.0,-1.0,-1.0,-1.0,-1.0,Yes
P-0010098-T02-IM5,SOMATIC,PBRM1,,,,,-1.0,,,,,,,-1.0,,,,,PBRM1-intragenic,,,PBRM1 (NM_018313) rearrangement: c.1088-275_c.2960dup Note: The PBRM1 rearrangement is a duplication of exons 12-19. One of the breakpoints is within exon 19. The functional significance is undetermined.,,-1.0,-1.0,-1.0,-1.0,-1.0,-1.0,-1.0,-1.0,Yes
P-0001913-T02-IM5,SOMATIC,ASXL1,,,12.0,20,-1.0,The breakpoint on ASXL1 is within exon12,CDH26,,,,20,-1.0,, ,INVERSION,,Protein fusion: (ASXL1-CDH26),,c.3746:ASXL1_c.1666+363:CDH26inv,Note: The ASXL1 (NM_015338) - CDH26 (NM_177980) rearrangement event results in the inversion of ASXL1 exon12. Its functional significance is undetermined.,,-1.0,-1.0,-1.0,-1.0,-1.0,-1.0,-1.0,-1.0,Yes
P-0009757-T01-IM5,SOMATIC,BRAF,,Intron,8.0,7,140493871.0,Intron of BRAF(-): 237bp after exon 8,AGAP3,,Intron,10.0,7,150823513.0,Intron of AGAP3(+): 2Kb before exon 10, in frame ,INVERSION,3to3,Protein fusion: in frame (AGAP3-BRAF),PRECISE,AGAP3 (NM_031946) - BRAF (NM_004333) rearrangement: c.1222-2154:AGAP3_c.1140+237:BRAFinv,Note: The AGAP3 (NM_031946) - BRAF (NM_004333) rearrangement is a reciprocal inversion which results the fusion of AGAP3 exons 1-9 with BRAF exons 9-18. The fusion is predicted to be in frame and includes the kinase domain of BRAF. (PMID: 26314551),MANUAL_OK,107911.0,0.0,40.0,30.0,10329642.0,136446.0,131871.0,37.0,Yes
P-0004795-T01-IM5,SOMATIC,BRAF,,Intron,8.0,7,140493811.0,Intron of BRAF(-): 297bp after exon 8,CUL1,,Intron,8.0,7,148463226.0,Intron of CUL1(+): 427bp before exon 8, in frame ,INVERSION,3to3,Protein fusion: in frame (CUL1-BRAF),PRECISE,CUL1(NM_003592) - BRAF (NM_004333) Rearrangement :c.790-427:CUL1_c.1140+297:BRAFinv,Note: The CUL1(NM_003592) - BRAF (NM_004333) Rearrangement  results in the fusion of exons 1 to 7 of CUL1 and exons 9 to 18 of BRAF.Its functional significance is undetermined.,MANUAL_OK,51573.0,0.0,15.0,20.0,7969415.0,40126.0,47940.0,15.0,Yes
P-0002671-T01-IM3,SOMATIC,NTRK3,ENST00000360948,Intron,14.0,15,88505784.0,Intron of NTRK3(-): 22Kb before exon 14,ETV6,ENST00000396373,Intron,6.0,12,12035813.0,Intron of ETV6(+): 2Kb before exon 6, in frame ,TRANSLOCATION,3to3,Protein fusion: in frame (ETV6-NTRK3),PRECISE,,"Note: ETV6 - NTRK3 translocation is a structural rearrangement in which exons 1-6 of ETV6 are fused to exons 15-20 of NTRK3. ETV6-NTRK3 fusions have been described in multiple malignancies including congenital fibrosarcoma, carcinomas of the thyroid and breast, and leukemias (PMID: 9462753, 12450792, 24327398, 9949179). The fusion product is believed to constitutively activate the NTRK3 tyrosine kinase (PMID: 15826836)",MANUAL_OK,0.0,0.0,13.0,20.0,0.0,4595.0,0.0,17.0,Yes
P-0010581-T01-IM5,SOMATIC,LMNA,,Intron,3.0,1,156103383.0,Intron of LMNA(+): 811bp before exon 3,NTRK1,,Intron,10.0,1,156844556.0,Intron of NTRK1(+): 138bp after exon 10, in frame ,DELETION,3to5,Protein fusion: in frame (LMNA-NTRK1),PRECISE,LMNA (NM_170707) - NTRK (NM_002529) fusion (LMNA exons 1-2 fused to NTRK1 exons 11-17): c.514-811:LMNA_c.1251+138:NTRK1del,Note:The fusion is predicted to be in frame and includes the kinase domain of NTRK1. (PMID: 26216294),MANUAL_OK,31182.0,0.0,25.0,46.0,741173.0,147800.0,27534.0,13.0,Yes
P-0001151-T01-IM3,SOMATIC,RET,,Intron,12.0,10,43611645.0,Intron of RET(+): 387bp before exon 12,NCOA4,,Intron,11.0,10,51589150.0,Intron of NCOA4(+): 75bp before exon 11, in frame ,DUPLICATION,5to3,Protein fusion: in frame (NCOA4-RET),PRECISE,RET (NM_020630) - NCOA4 (NM_005437) Duplication : c.2137-387_c.1840-75dup,Note: rearrangement consistent with NCOA4-RET fusion. Confirmatory RET FISH  is recommended.,AUTO_OK,33721.0,0.0,14.0,27.0,7977505.0,72547.0,35267.0,16.0,Yes
P-0000739-T02-IM5,SOMATIC,EIF3H,,Intron,1.0,8,117760095.0,Intron of EIF3H(-): 8Kb after exon 1,RAD21,,Intron,12.0,8,117862786.0,Intron of RAD21(-): 71bp after exon 12, in frame ,DELETION,3to5,Protein fusion: in frame (RAD21-EIF3H),PRECISE,RAD21 (NM_006265) - EIF3H (NM_003756) rearrangement: c.1620+71:RAD21_c.132+7810:EIF3Hdel,Note: The RAD21 (NM_006265) - EIF3H (NM_003756) rearrangement is a deletion that results in the in-frame fusion of RAD21 exon 1-12 with EIF3H exons 2-8. The functional significance of this rearrangement is undetermined.,MANUAL_OK,6626.0,0.0,19.0,15.0,102691.0,128863.0,5095.0,19.0,Yes
P-0010742-T01-IM5,SOMATIC,PRMT8,,Intron,1.0,12,3608058.0,Intron of PRMT8(+): 7Kb after exon 1,APC,,Exon,16.0,5,112175904.0,Exon 16 of APC(+),,TRANSLOCATION,5to3,Protein fusion: mid-exon (APC-PRMT8),IMPRECISE,APC (NM_000038) - PRMT8 (NM_019854) rearrangement : t(5;12)(q22.2;p12.32)(chr5:g.112175904::chr12:g.3608058),Note: The APC-PRMT8 rearrangement is a translocation which results in the fusion of APC exons 1-16 with PRMT8 exon1. One of the breakpoints is within APC exon16. This fusion could also be interpreted as a truncation of APC gene at exon16.,MANUAL_OK,0.0,0.0,16.0,0.0,0.0,148917.0,0.0,15.0,Yes
P-0006138-T01-IM5,SOMATIC,IDH2,,Exon,11.0,15,90627553.0,Exon 11 of IDH2(-),CHN1,,Intron,2.0,2,175847561.0,Intron of CHN1(-): 22Kb after exon 2,,TRANSLOCATION,3to5,Protein fusion: mid-exon (CHN1-IDH2),PRECISE,CHN1(NM_001822) - IDH2 (NM_002168) rearrangement: t(2;15)(q31.1;q26)(chr2:g.175847561::chr15:g.90627553),The CHN1(NM_001822) - IDH2 (NM_002168) rearrangement is a translocation which results in the fusion of exon1 of  CHN1 with exon 11 of  IDH2. One of the breakpoints is within exon 11 of IDH2. The functional significance is undetermined.,MANUAL_OK,0.0,0.0,5.0,14.0,0.0,69044.0,0.0,5.0,Yes
P-0008551-T01-IM5,SOMATIC,MRPS15,,Intron,2.0,1,36929386.0,Intron of MRPS15(-): 21bp after exon 2,CSF3R,,Exon,6.0,1,36939079.0,Exon 6 of CSF3R(-),,DELETION,3to5,Protein fusion: mid-exon (CSF3R-MRPS15),PRECISE,CSF3R (NM_000760) - MRPS15 (NM_031280) rearrangement: c.630:CSF3R_c.175+21:MRPS15del,The CSF3R (NM_000760) - MRPS15 (NM_031280) rearrangement is a deletion which results in the fusion of CSF3R exons 1-6 of  with MRPS1 exons 3-8. One of the breakpoints is within exon 6 of CSF3R. The functional significance is undetermined.,MANUAL_OK,41030.0,0.0,8.0,26.0,9693.0,122725.0,36126.0,8.0,Yes
P-0001317-T01-IM3,SOMATIC,ERBB2,,Exon,25.0,17,37883150.0,Exon 25 of ERBB2(+),GRB7,,Intron,10.0,17,37901428.0,Intron of GRB7(+): 68bp before exon 10,,DELETION,3to5,Protein fusion: mid-exon (ERBB2-GRB7),PRECISE,,,AUTO_OK,9711.0,0.0,63.0,92.0,18278.0,73009.0,7913.0,79.0,Yes
P-0007287-T01-IM5,SOMATIC,TGFBR2,,Exon,1.0,3,30648382.0,Exon 1 of TGFBR2(+),GADL1,,Intron,14.0,3,30799354.0,Intron of GADL1(-): 20Kb after exon 14,,INVERSION,5to5,Protein fusion: mid-exon (GADL1-TGFBR2),PRECISE,GALD1 (NM_207359) - TGFBR2 (NM_001024847) rearrangement: c.1392+20317:GALD1_c.7:TGFBR2inv,"The GALD1 ( NM_207359) - TGFBR2 (NM_001024847) rearrangement is a reciprocal inversion that results in the fusion of exons 1-14 of GADL1 with exons 1-8 of TGFBR2, including kinase domain of TGFBR2. The functional significance is undetermined.",MANUAL_OK,7626.0,0.0,10.0,43.0,150972.0,114799.0,9128.0,10.0,Yes
P-0007739-T01-IM5,SOMATIC,LMNA,,Exon,8.0,1,156106774.0,Exon 8 of LMNA(+),NTRK1,,Intron,11.0,1,156845035.0,Intron of NTRK1(+): 235bp after exon 11,,DELETION,3to5,Protein fusion: mid-exon (LMNA-NTRK1),PRECISE,LMNA (NM_170707) - NTRK1 (NM_002529) Fusion (LMNA exons 1-8 fused to NTRK1 exons 12-17):  c.1443:LMNA_c.1354+235:NTRK1,Note: The LMNA (NM_170707) - NTRK1 (NM_002529) Fusion includes the kinase domain of NTRK1.,MANUAL_OK,31201.0,0.0,6.0,47.0,738261.0,118272.0,18575.0,6.0,Yes
P-0008868-T01-IM5,SOMATIC,RNF43,,Exon,2.0,17,56492693.0,Exon 2 of RNF43(-),MTMR4,,Intron,15.0,17,56579447.0,Intron of MTMR4(-): 2Kb after exon 15,,DELETION,3to5,Protein fusion: mid-exon (MTMR4-RNF43),PRECISE,MTMR4 (NM_004687) - RNF43 (NM_017763) rearrangement: c.1811+1658:MTMR4_c.246:RNF43del,Note: The MTMR4 (NM_004687) - RNF43 (NM_017763) rearrangement is a deletion that results in the fusion of MTMR4 exons 2-15 with RNF43 exons 2-10. One of the breakpoints is within RNF43 exon 2. The functional significance of this rearrangement is undetermined.,MANUAL_OK,1237.0,0.0,13.0,24.0,86754.0,124709.0,759.0,12.0,Yes
P-0006184-T01-IM5,SOMATIC,NF1,,Exon,35.0,17,29592353.0,Exon 35 of NF1(+),MIR365-2,,Promoter,,17,29900286.0,Promoter of MIR365-2(+): 2Kb from tx start,,DELETION,3to5,Protein fusion: mid-exon (NF1-MIR365-2),PRECISE,NF1 (NM_001042492) - MIR365-2 (NR_029856) rearrangement: c.4831:NF1_g.29900286del,NF1 (NM_001042492) - MIR365-2 (NR_029856) rearrangement event results in the deletion of NF1 of exon36. One of the breakpoints is within NF1 exon36.,MANUAL_OK,49545.0,0.0,50.0,40.0,307933.0,70120.0,32295.0,49.0,Yes
P-0006646-T01-IM5,SOMATIC,RAB11FIP1,,Exon,4.0,8,37730293.0,Exon 4 of RAB11FIP1(-),FGFR1,,Intron,9.0,8,38275956.0,Intron of FGFR1(-): 65bp before exon 9,,DUPLICATION,5to3,Protein fusion: mid-exon (RAB11FIP1-FGFR1),PRECISE,RAB11FIP1 (NM_001002814) - FGFR1 (NM_001174067) rearrangement : c.2027:RAB11FIP1_c.1378-65:FGFR1dup,Note: The RAB11FIP1 (NM_001002814) - FGFR1 (NM_001174067) rearrangement event is a duplication which results in the fusion of RAB11FIP1 exons 1-4 with FGFR1 exons 11-19. One of the breakpoints is within RAB11FIP1 exon4.,MANUAL_OK,19630.0,0.0,12.0,22.0,545663.0,107821.0,18235.0,12.0,Yes
P-0002855-T01-IM3,SOMATIC,TOP1MT,,Intron,13.0,8,144394753.0,Intron of TOP1MT(-): 2Kb before exon 13,RECQL4,,Exon,5.0,8,145742055.0,Exon 5 of RECQL4(-),,DELETION,3to5,Protein fusion: mid-exon (RECQL4-TOP1MT),PRECISE,,Note: The RECQL4-TOP1MT deletion is a rearrangement event which results in the fusion between RECQL4 (NM_004260) exons 1-4 and TOP1MT (NM_052963) exons 13-14.,MANUAL_OK,33564.0,0.0,17.0,22.0,1347302.0,5972.0,30408.0,19.0,Yes
P-0007793-T01-IM5,SOMATIC,SMAD3,,Exon,9.0,15,67482771.0,Exon 9 of SMAD3(+),IQCH,,Exon,9.0,15,67664883.0,Exon 9 of IQCH(+),,DELETION,3to5,Protein fusion: mid-exon (SMAD3-IQCH),PRECISE,SMAD3 (NM_005902) - IQCH (NM_001031715) Rearrangement : c.1175:SMAD3_c.1188:IQCHdel,Note: The SMAD3 (NM_005902) - IQCH (NM_001031715) Rearrangement results in the fusion of exons 1 to 9 of SMAD3 with exon 9 of ICQH. One of the breakpoints is within exon 9 of SMAD3.Its functional significance is undetermined.,MANUAL_OK,591.0,0.0,16.0,30.0,182112.0,118697.0,551.0,16.0,Yes
P-0005011-T01-IM5,SOMATIC,GPS2,ENST00000380728,Exon,7.0,17,7216983.0,Exon 7 of GPS2(-),TP53,ENST00000269305,Exon,4.0,17,7579508.0,Exon 4 of TP53(-),,DELETION,3to5,Protein fusion: mid-exon (TP53-GPS2),PRECISE,TP53 (NM_000546) - GPS2 (NM_004489) rearrangement: c.179:TP53_c.538:GPS2del,"The TP53 (NM_000546) - GPS2 (NM_004489) rearrangement is a deletion which results in the fusion of exons 1-4 of TP53 (NM_000546) with exons 7-11 of GPS2. The breakpoints fall within exon 4 and exon7 of TP53 and GPS2, respectively. The functional significance is undetermined.",MANUAL_OK,21892.0,0.0,31.0,35.0,362525.0,42648.0,20431.0,29.0,Yes
P-0002323-T01-IM3,SOMATIC,TRAP1,,Intron,4.0,16,3736917.0,Intron of TRAP1(-): 780bp before exon 4,CREBBP,,Exon,31.0,16,3779150.0,Exon 31 of CREBBP(-),,DUPLICATION,5to3,Protein fusion: mid-exon (TRAP1-CREBBP),PRECISE,TRAP1 (NM_016292) and CREBBP (NM_004380) duplication (42233bp):    TRAP1:c.331-780_CREBBP:c.5898dup,Note: The TRAP1-CREBBP duplication is a rearrangement event which results in    the fusion of TRAP1 exons 1 to 4 and CREBBP exon 31. Its functional    significance is undetermined.,AUTO_OK,11964.0,0.0,16.0,39.0,42233.0,3089.0,11036.0,17.0,Yes
P-0004401-T01-IM5,SOMATIC,LATS2,,Intron,8.0,13,21549524.0,Intron of LATS2(-): 21bp before exon 8,ATP8A2,,Intron,1.0,13,25969823.0,Intron of ATP8A2(+): 23Kb after exon 1, out of frame ,INVERSION,3to3,Protein fusion: out of frame (ATP8A2-LATS2),PRECISE,ATP8A2 (NM_016529) - LATS2( NM_01457) rearrangement: c.76+23397:ATP8A2_c.2773-21:LATS2inv,The ATP8A2 (NM_016529) - LATS2( NM_01457) rearrangement (4420299 bp) is an inversion  that results in the fusion of exon1 of ATP8A2 with exon 8 of LATS2. The functional significance is undetermined.,MANUAL_OK,23502.0,0.0,10.0,20.0,4420299.0,19871.0,31553.0,9.0,Yes
P-0011039-T01-IM5,SOMATIC,CHEK2,,Intron,10.0,22,29092840.0,Intron of CHEK2(-): 49bp after exon 10,KIAA1984,,Intron,2.0,9,139692272.0,Intron of KIAA1984(+): 1Kb before exon 2, out of frame ,TRANSLOCATION,5to5,Protein fusion: out of frame (CHEK2-KIAA1984),PRECISE,CHEK2 (NM_007194) - KIAA1984 (NM_001039374) rearrangement : t(9;22)(q34.3;q12.1)(chr9:g.139692272::chr22:g.29092840),Note: The CHEK2-KIAA1984 rearrangement event is a translocation which results in the truncation of CHEK2 exons 11-15.,MANUAL_OK,0.0,0.0,80.0,45.0,0.0,150440.0,0.0,78.0,Yes
P-0008534-T01-IM5,SOMATIC,FANCA,,Intron,16.0,16,89849554.0,Intron of FANCA(-): 44bp before exon 16,CLMN,,Intron,1.0,14,95776664.0,Intron of CLMN(-): 9Kb after exon 1, out of frame ,TRANSLOCATION,3to5,Protein fusion: out of frame (CLMN-FANCA),PRECISE,CLMN (NM_024734) - FANCA (NM_000135) rearrangement : t(14;16)(q32.13;q24.3)(chr14:g.95776664::chr16:g.89849554),,MANUAL_OK,0.0,0.0,20.0,39.0,0.0,122599.0,0.0,20.0,Yes
P-0005824-T01-IM5,SOMATIC,SUPT4H1,,Intron,2.0,17,56427277.0,Intron of SUPT4H1(-): 1Kb after exon 2,RNF43,,Intron,9.0,17,56434771.0,Intron of RNF43(-): 58bp after exon 9, out of frame ,DUPLICATION,5to3,Protein fusion: out of frame (SUPT4H1-RNF43),PRECISE,SUPT4H1 (NM_003168) - RNF43 (NM_017763) rearrangement event : :SUPT4H1_:RNF43dup,Note: The SUPT4H1 (NM_003168) - RNF43 (NM_017763) rearrangement event is a duplication which results in the fusion of SUPT4H1 1-2 exons with RNF43 exon10. The fusion is predicted to be out of frame.,MANUAL_OK,4933.0,0.0,40.0,68.0,7494.0,63351.0,6049.0,40.0,Yes
P-0010581-T01-IM5,SOMATIC,USP34,,Intron,1.0,2,61695483.0,Intron of USP34(-): 2Kb after exon 1,XPO1,,Intron,3.0,2,61753449.0,Intron of XPO1(-): 106bp after exon 3, out of frame ,DELETION,3to5,Protein fusion: out of frame (XPO1-USP34),PRECISE,XPO1(NM_003400) - USP34 (NM_014709 )Rearrangement : c.228+106:XPO1_c.43+2302:USP34del,Note: The XPO1(NM_003400) - USP34 (NM_014709 )Rearrangement results in the fusion of   exons 1-2 of XPO1 with exons 2-80 of USP34.Its functional significance is undetermined.,MANUAL_OK,36033.0,0.0,5.0,7.0,57966.0,147801.0,23624.0,5.0,Yes
P-0014026-T01-IM5,SOMATIC,REEP5,,,,,-1.0,,APC,,,,,-1.0,,,,,REEP5-APC fusion,,,APC(NM_000038) - REEP5(NM_005669)  rearrangement: c.4364:APC_c.352-7191:REEP5del Note: The APC (NM_000038)_REEP5 (NM_005669) rearrangement results in the deletion of APC exon 16. One of the breakpoints is within APC exon 16.  The functional significance is undetermined.,,-1.0,-1.0,-1.0,-1.0,-1.0,-1.0,-1.0,-1.0,Yes
P-0013704-T01-IM5,SOMATIC,SOX9,,,,,-1.0,,,,,,,-1.0,,,,,SOX9-intragenic,,,SOX9 (NM_000346) rearrangement: c.685+256_c.1477dup Note: The SOX9 rearrangement is a duplication of exon3. One of the breakpoints within exon 3. The functional significance is undetermined.,,-1.0,-1.0,-1.0,-1.0,-1.0,-1.0,-1.0,-1.0,Yes
P-0010159-T01-IM5,SOMATIC,RBM10,,5_Prime_UTR,,X,47004857.0,5-UTR of RBM10(+): 2Kb before coding start,PHIP,,Intron,27.0,6,79678650.0,Intron of PHIP(-): 902bp after exon 27,,TRANSLOCATION,3to3,Transcript fusion (RBM10-PHIP),PRECISE,RBM10 (NM_001204468) - PHIP (NM_017934) rearrangement: t(6;X)(q14.1;p11.23)(chr6:g.79678650::chrX:g.47004857),Note: The RBM10 - PHIP rearrangement is a translocation that results in the fusion of RBM10 exon 1 with PHIP exons 28-40. One of the breakpoints is within RBM10 exon 1. The functional significance is undetermined.,MANUAL_OK,0.0,0.0,9.0,5.0,0.0,144458.0,0.0,9.0,Yes
