Age at Diagnosis,Gender,MSIsensor Score,Chemo Exposure of sequenced specimen,Metastasectomy,Time to metastasis (months),Time from Met Dx to Sequencing,Liver: First Site of Metastasis,Lymph Nodes: First Site of Metastasis,Lung: First Site of Metastasis,Pelvis: First Site of Metastasis,Brain: First Site of Metastasis,Bone: First Site of Metastasis,"Peritoneum, omentum, abdomen: First Site of Metastasis",Gynecological: First Site of Metastasis,Other: First Site of Metastasis,Level 3A,Number of actionable alterations (OncoKb) ,Samples for MSS Right/Left mCRC anslysis,Samples for MSS Right/Left analysis,Samples for MSS Right/Left early stage analysis,Samples for MSS mCRC analysis,Hypermutated,Mutation Rate (mut/mb),Fraction of Genome Altered,Ratio of Indel to Substitutions,Average Sample Alele Frequency,SAMPLE TYPE_METASTASIS,SAMPLE TYPE_PRIMARY,PRIMARY TUMOR SITE_ASCENDING COLON,PRIMARY TUMOR SITE_CECUM,PRIMARY TUMOR SITE_COLON,PRIMARY TUMOR SITE_DESCENDING COLON,PRIMARY TUMOR SITE_HEPATIC FLEXURE,PRIMARY TUMOR SITE_LEFT COLON,PRIMARY TUMOR SITE_NOT_PROVIDED,PRIMARY TUMOR SITE_RECTOSIGMOID,PRIMARY TUMOR SITE_RECTUM,PRIMARY TUMOR SITE_SIGMOID COLON,PRIMARY TUMOR SITE_SPLENIC FLEXURE,PRIMARY TUMOR SITE_TRANSVERSE COLON,PRIMARY TUMOR LOCATION_LEFT,PRIMARY TUMOR LOCATION_NOT_PROVIDED,PRIMARY TUMOR LOCATION_RIGHT,STAGE AT DIAGNOSIS_I,STAGE AT DIAGNOSIS_II,STAGE AT DIAGNOSIS_III,STAGE AT DIAGNOSIS_IV,MOLECULAR SUBTYPE_MSI,MOLECULAR SUBTYPE_MSS,MOLECULAR SUBTYPE_POLE,MCRC TYPE_MCRC METASTASIS,MCRC TYPE_MCRC PRIMARY,TUMOR GRADE_NOT_PROVIDED,TUMOR GRADE_MOD DIFF,TUMOR GRADE_MOD-POORLY-DIFF,TUMOR GRADE_MOD_DIFF,TUMOR GRADE_POORLY-DIFF,"LEVEL R1_CETUXIMAB,PANITUMUMAB(KRAS P.A146T)","LEVEL R1_CETUXIMAB,PANITUMUMAB(KRAS P.A146V)","LEVEL R1_CETUXIMAB,PANITUMUMAB(KRAS P.D33E)","LEVEL R1_CETUXIMAB,PANITUMUMAB(KRAS P.G12A)","LEVEL R1_CETUXIMAB,PANITUMUMAB(KRAS P.G12A);CETUXIMAB,PANITUMUMAB(NRAS P.Q61K)","LEVEL R1_CETUXIMAB,PANITUMUMAB(KRAS P.G12C)","LEVEL R1_CETUXIMAB,PANITUMUMAB(KRAS P.G12D)","LEVEL R1_CETUXIMAB,PANITUMUMAB(KRAS P.G12F)","LEVEL R1_CETUXIMAB,PANITUMUMAB(KRAS P.G12R)","LEVEL R1_CETUXIMAB,PANITUMUMAB(KRAS P.G12S)","LEVEL R1_CETUXIMAB,PANITUMUMAB(KRAS P.G12V)","LEVEL R1_CETUXIMAB,PANITUMUMAB(KRAS P.G12V);CETUXIMAB,PANITUMUMAB(KRAS P.D33E)","LEVEL R1_CETUXIMAB,PANITUMUMAB(KRAS P.G12V);CETUXIMAB,PANITUMUMAB(KRAS P.G12A)","LEVEL R1_CETUXIMAB,PANITUMUMAB(KRAS P.G13C)","LEVEL R1_CETUXIMAB,PANITUMUMAB(KRAS P.G13D)","LEVEL R1_CETUXIMAB,PANITUMUMAB(KRAS P.K117N)","LEVEL R1_CETUXIMAB,PANITUMUMAB(KRAS P.Q61H)","LEVEL R1_CETUXIMAB,PANITUMUMAB(KRAS P.Q61R)","LEVEL R1_CETUXIMAB,PANITUMUMAB(KRAS P.V14I)","LEVEL R1_CETUXIMAB,PANITUMUMAB(NRAS P.G12C)","LEVEL R1_CETUXIMAB,PANITUMUMAB(NRAS P.G12D)","LEVEL R1_CETUXIMAB,PANITUMUMAB(NRAS P.G12V)","LEVEL R1_CETUXIMAB,PANITUMUMAB(NRAS P.Q61K)","LEVEL R1_CETUXIMAB,PANITUMUMAB(NRAS P.Q61L)",LEVEL 2B_CRIZOTINIB(MET AMPLIFICATION),LEVEL 2B_CRIZOTINIB(MET P.X1087_SPLICE);EVEROLIMUS(TSC1 P.E218*);OLAPARIB(BRCA2 P.K3032*),"LEVEL 2B_DABRAFENIB,VEMURAFENIB+COBIMETINIB,TRAMETINIB,TRAMETINIB+DABRAFENIB,VEMURAFENIB(BRAF P.V600E)","LEVEL 2B_ERLOTINIB,GEFITINIB,AFATINIB(EGFR P.L861Q)",LEVEL 2B_EVEROLIMUS(TSC1 P.N891KFS*13),LEVEL 2B_NOT_PROVIDED,LEVEL 2B_OLAPARIB(BRCA2 P.D1868VFS*5),LEVEL 2B_OLAPARIB(BRCA2 P.L1545RFS*3),LEVEL 2B_OLAPARIB(BRCA2 P.S1442*),"LEVEL 2B_ADO-TRASTUZUMAB EMTANSINE,TRASTUZUMAB+PERTUZUMAB,LAPATINIB,TRASTUZUMAB(ERBB2 AMPLIFICATION)",LEVEL 3B_AG-221(IDH2 P.R172K),"LEVEL 3B_AZD4547,DOVITINIB(FGFR1 AMPLIFICATION)",LEVEL 3B_AZD5363(AKT1 P.E17K),"LEVEL 3B_AZD5363(AKT1 P.E17K);BINIMETINIB+RIBOCICLIB,SELUMETINIB+RADIOIODINE UPTAKE THERAPY,BINIMETINIB(NRAS P.Q61K)","LEVEL 3B_BINIMETINIB+RIBOCICLIB,SELUMETINIB+RADIOIODINE UPTAKE THERAPY,BINIMETINIB(NRAS P.G12C)","LEVEL 3B_BINIMETINIB+RIBOCICLIB,SELUMETINIB+RADIOIODINE UPTAKE THERAPY,BINIMETINIB(NRAS P.G12D)","LEVEL 3B_BINIMETINIB+RIBOCICLIB,SELUMETINIB+RADIOIODINE UPTAKE THERAPY,BINIMETINIB(NRAS P.G12V)","LEVEL 3B_BINIMETINIB+RIBOCICLIB,SELUMETINIB+RADIOIODINE UPTAKE THERAPY,BINIMETINIB(NRAS P.Q61K)","LEVEL 3B_BINIMETINIB+RIBOCICLIB,SELUMETINIB+RADIOIODINE UPTAKE THERAPY,BINIMETINIB(NRAS P.Q61K);COBIMETINIB,TRAMETINIB,SELUMETINIB(MAP2K1 P.G128V)","LEVEL 3B_BINIMETINIB+RIBOCICLIB,SELUMETINIB+RADIOIODINE UPTAKE THERAPY,BINIMETINIB(NRAS P.Q61K);ALPELISIB(PIK3CA P.N345K)","LEVEL 3B_BINIMETINIB+RIBOCICLIB,SELUMETINIB+RADIOIODINE UPTAKE THERAPY,BINIMETINIB(NRAS P.Q61L)","LEVEL 3B_COBIMETINIB,TRAMETINIB,SELUMETINIB(MAP2K1 P.Y130C)","LEVEL 3B_LAPATINIB+TRASTUZUMAB,NERATINIB(ERBB2 AMPLIFICATION)","LEVEL 3B_LAPATINIB+TRASTUZUMAB,NERATINIB(ERBB2 AMPLIFICATION);NERATINIB(ERBB2 P.V777L)",LEVEL 3B_NERATINIB(ERBB2 P.I767M),LEVEL 3B_NERATINIB(ERBB2 P.V777L),LEVEL 3B_NOT_PROVIDED,"LEVEL 3B_SONIDEGIB,VISMODEGIB(PTCH1 P.S1203AFS*52)",LEVEL 3B_ALPELISIB(PIK3CA P.C420R),LEVEL 3B_ALPELISIB(PIK3CA P.E365K),LEVEL 3B_ALPELISIB(PIK3CA P.E542K),LEVEL 3B_ALPELISIB(PIK3CA P.E542K);AG-221(IDH2 P.R172K),LEVEL 3B_ALPELISIB(PIK3CA P.E542K);ALPELISIB(PIK3CA P.M1043I),LEVEL 3B_ALPELISIB(PIK3CA P.E545G),LEVEL 3B_ALPELISIB(PIK3CA P.E545K),LEVEL 3B_ALPELISIB(PIK3CA P.E545K);ALPELISIB(PIK3CA P.E542K),LEVEL 3B_ALPELISIB(PIK3CA P.G106_R108DEL),LEVEL 3B_ALPELISIB(PIK3CA P.H1047R),LEVEL 3B_ALPELISIB(PIK3CA P.H1047R);ALPELISIB(PIK3CA P.G118D),LEVEL 3B_ALPELISIB(PIK3CA P.H1047Y),LEVEL 3B_ALPELISIB(PIK3CA P.M1043L),LEVEL 3B_ALPELISIB(PIK3CA P.Q546K),LEVEL 3B_ALPELISIB(PIK3CA P.Q546K);ALPELISIB(PIK3CA P.E726K),LEVEL 3B_ALPELISIB(PIK3CA P.Q546P),LEVEL 3B_ALPELISIB(PIK3CA P.Q546R),LEVEL 3B_ALPELISIB(PIK3CA P.R108H),LEVEL 3B_ALPELISIB(PIK3CA P.R38C),"LEVEL 3B_ALPELISIB(PIK3CA P.R38H);CAPMATINIB,CABOZATINIB(MET P.X1087_SPLICE)",LEVEL 3B_ALPELISIB(PIK3CA P.R88Q),HIGHEST LEVEL OF ACTIONABILITY_LEVEL_2B,HIGHEST LEVEL OF ACTIONABILITY_LEVEL_3B,HIGHEST LEVEL OF ACTIONABILITY_NOT_PROVIDED,BRAF CLASSES FOR PATIENTS WITH BRAF MUTATIONS_1,BRAF CLASSES FOR PATIENTS WITH BRAF MUTATIONS_3,BRAF CLASSES FOR PATIENTS WITH BRAF MUTATIONS_NO_CLASS,BRAF CLASSES FOR PATIENTS WITH BRAF MUTATIONS_NOT_PROVIDED,GENOMIC PATHWAY GOUPS_PI3K_RAS,GENOMIC PATHWAY GOUPS_RAS
52,1,0.08,0,0,0.0,3.533333333,1,1,0,0,0,0,1,0,0,0.0,0,1,1,0,1,0,4.347826087,0.005486439,0.2,0.43122449,0,1,1,0,0,0,0,0,0,0,0,0,0,0,0,0,1,0,0,0,1,0,1,0,0,1,0,0,0,0,1,0,0,0,0,0,0,1,0,0,0,0,0,0,0,0,0,0,0,0,0,0,0,0,0,0,0,0,0,0,1,0,0,0,0,0,0,0,0,0,0,0,0,0,0,0,0,0,0,0,0,1,0,0,0,0,0,0,0,0,0,0,0,0,0,0,0,0,0,0,0,0,0,0,0,0,1,0,0,0,1,0,1
67,1,0.3,0,0,0.0,42.13333333,1,0,0,0,0,0,0,0,0,0.0,0,1,1,0,1,0,6.666666667,0.149163711,0.333333333,0.414369277,0,1,0,0,0,0,0,0,0,0,0,1,0,0,1,0,0,0,0,0,1,0,1,0,0,1,0,0,1,0,0,0,0,0,0,0,0,0,0,0,0,0,0,0,0,1,0,0,0,0,0,0,0,0,0,0,0,0,0,0,1,0,0,0,0,0,0,0,0,0,0,0,0,0,0,0,0,0,0,0,0,1,0,0,0,0,0,0,0,0,0,0,0,0,0,0,0,0,0,0,0,0,0,0,0,0,1,0,0,0,1,0,1
37,1,2.16,1,1,0.0,42.16666667,1,0,0,0,0,0,0,0,0,0.0,0,1,1,0,1,0,3.623188406,0.320348332,0.25,0.520895816,1,0,0,0,0,0,0,0,0,1,0,0,0,0,1,0,0,0,0,0,1,0,1,0,1,0,0,0,0,1,0,0,0,0,0,0,0,0,0,0,0,0,0,0,0,1,0,0,0,0,0,0,0,0,0,0,0,0,0,0,1,0,0,0,0,0,0,0,0,0,0,0,0,0,0,0,0,0,0,0,0,1,0,0,0,0,0,0,0,0,0,0,0,0,0,0,0,0,0,0,0,0,0,0,0,0,1,0,0,0,1,0,1
50,1,1.67,0,0,29.5,17.76666667,1,0,1,0,0,0,0,0,0,0.0,0,1,1,0,1,0,5.833333333,0.225450818,0.166666667,0.586303929,1,0,0,0,0,0,0,0,0,0,0,1,0,0,1,0,0,1,0,0,0,0,1,0,1,0,1,0,0,0,0,0,0,0,0,0,0,1,0,0,0,0,0,0,0,0,0,0,0,0,0,0,0,0,0,0,0,0,0,0,1,0,0,0,0,0,0,0,0,0,0,0,0,0,0,0,0,0,0,0,0,1,0,0,0,0,0,0,0,0,0,0,0,0,0,0,0,0,0,0,0,0,0,0,0,0,1,0,0,0,1,0,1
53,1,0.63,0,0,0.0,41.9,1,0,0,0,0,0,0,0,0,0.0,1,1,1,0,1,0,7.971014493,0.140403801,0.1,0.584892531,0,1,1,0,0,0,0,0,0,0,0,0,0,0,0,0,1,0,0,0,1,0,1,0,0,1,0,0,0,1,0,0,0,0,0,0,0,0,0,0,0,0,0,0,0,1,0,0,0,0,0,0,0,0,0,0,0,0,0,0,1,0,0,0,0,0,0,0,0,0,0,0,0,0,0,0,0,0,0,0,0,0,0,0,0,0,0,0,0,1,0,0,0,0,0,0,0,0,0,0,0,0,0,0,0,1,0,0,0,0,1,1,0
56,1,0.44,0,0,15.86666667,1.8,1,0,0,0,0,0,0,0,0,0.0,0,1,1,0,1,0,2.898550725,0.314159326,0.0,0.499177432,0,1,0,0,0,0,0,0,0,1,0,0,0,0,1,0,0,0,0,1,0,0,1,0,0,1,0,0,0,1,0,0,0,0,0,0,0,0,0,0,0,0,0,0,0,0,0,0,1,0,0,0,0,0,0,0,0,0,0,0,1,0,0,0,0,0,0,0,0,0,0,0,0,0,0,0,0,0,0,0,0,1,0,0,0,0,0,0,0,0,0,0,0,0,0,0,0,0,0,0,0,0,0,0,0,0,1,0,0,0,1,0,1
59,1,0.19,1,1,19.86666667,43.56666667,1,0,0,0,0,0,0,0,0,0.0,0,1,1,0,1,0,2.614379085,0.220825187,1.0,0.534761961,1,0,0,1,0,0,0,0,0,0,0,0,0,0,0,0,1,0,0,1,0,0,1,0,1,0,0,0,0,1,0,0,0,0,0,0,0,1,0,0,0,0,0,0,0,0,0,0,0,0,0,0,0,0,0,0,0,0,0,0,1,0,0,0,0,0,0,0,0,0,0,0,0,0,0,0,0,0,0,0,0,1,0,0,0,0,0,0,0,0,0,0,0,0,0,0,0,0,0,0,0,0,0,0,0,0,1,0,0,0,1,0,1
53,1,0.23,0,0,0.0,12.3,1,0,1,0,0,0,0,0,0,0.0,0,1,1,0,1,0,4.347826087,0.091183749,0.0,0.294128883,0,1,0,0,0,1,0,0,0,0,0,0,0,0,1,0,0,0,0,0,1,0,1,0,0,1,1,0,0,0,0,0,1,0,0,0,0,0,0,0,0,0,0,0,0,0,0,0,0,0,0,0,0,0,0,0,0,0,0,0,1,0,0,0,0,0,0,0,0,0,0,0,0,0,0,0,0,0,0,0,0,1,0,0,0,0,0,0,0,0,0,0,0,0,0,0,0,0,0,0,0,0,0,0,0,0,1,0,0,0,1,0,1
32,0,1.41,1,0,0.0,55.0,1,0,1,0,0,0,0,0,0,0.0,1,1,1,0,1,0,5.072463768,0.188170798,0.75,0.520157338,1,0,1,0,0,0,0,0,0,0,0,0,0,0,0,0,1,0,0,0,1,0,1,0,1,0,0,0,0,1,0,0,0,0,0,0,0,0,0,0,0,0,0,0,0,1,0,0,0,0,0,0,0,0,0,0,0,0,0,0,1,0,0,0,0,0,0,0,0,0,0,0,0,0,0,0,0,0,0,0,0,0,0,0,0,1,0,0,0,0,0,0,0,0,0,0,0,0,0,0,0,0,0,0,0,1,0,0,0,0,1,1,0
57,0,0.59,1,1,0.0,36.63333333,1,0,1,0,0,0,0,0,0,0.0,0,0,0,0,1,0,1.449275362,0.001341846,0.0,0.621887695,1,0,0,0,0,0,0,0,1,0,0,0,0,0,0,1,0,0,0,0,1,0,1,0,1,0,1,0,0,0,0,0,0,0,0,0,0,0,0,1,0,0,0,0,0,0,0,0,0,0,0,0,0,0,0,0,0,0,0,0,1,0,0,0,0,0,0,0,0,0,0,0,0,0,0,0,0,0,0,0,0,1,0,0,0,0,0,0,0,0,0,0,0,0,0,0,0,0,0,0,0,0,0,0,0,0,1,0,0,0,1,0,1
51,1,0.08,0,0,0.0,17.83333333,1,0,0,0,0,0,0,0,0,0.0,0,1,1,0,1,0,6.52173913,0.0,0.0,0.487861746,1,0,1,0,0,0,0,0,0,0,0,0,0,0,0,0,1,0,0,0,1,0,1,0,1,0,1,0,0,0,0,0,0,0,0,0,0,0,0,0,0,1,0,0,0,0,0,0,0,0,0,0,0,0,0,0,0,0,0,0,1,0,0,0,0,0,0,0,0,0,0,0,0,0,0,0,0,0,0,0,0,1,0,0,0,0,0,0,0,0,0,0,0,0,0,0,0,0,0,0,0,0,0,0,0,0,1,0,0,0,1,0,1
47,0,0.54,1,0,0.0,3.0,1,0,0,0,0,0,0,0,0,0.0,1,1,1,0,1,0,3.623188406,0.111813439,0.25,0.563914303,0,1,0,0,0,0,0,0,0,0,0,0,1,0,1,0,0,0,0,0,1,0,1,0,0,1,0,0,0,1,0,0,0,0,0,0,0,0,0,0,0,0,0,0,0,0,0,0,0,0,1,0,0,0,0,0,0,0,0,0,1,0,0,0,0,0,0,0,0,1,0,0,0,0,0,0,0,0,0,0,0,0,0,0,0,0,0,0,0,0,0,0,0,0,0,0,0,0,0,0,0,0,0,0,0,1,0,0,0,0,1,0,1
68,1,0.16,1,1,0.0,39.73333333,1,0,0,0,0,0,0,0,0,0.0,0,1,1,0,1,0,4.347826087,0.156623756,0.2,0.45888639,1,0,0,0,0,0,0,0,0,0,0,1,0,0,1,0,0,0,0,0,1,0,1,0,1,0,0,0,0,1,0,0,0,0,0,0,0,1,0,0,0,0,0,0,0,0,0,0,0,0,0,0,0,0,0,0,0,0,0,0,1,0,0,0,0,0,0,0,0,0,0,0,0,0,0,0,0,0,0,0,0,1,0,0,0,0,0,0,0,0,0,0,0,0,0,0,0,0,0,0,0,0,0,0,0,0,1,0,0,0,1,0,1
68,0,0.57,0,0,0.0,21.43333333,1,1,0,0,0,0,0,0,0,0.0,0,1,1,0,1,0,7.5,0.111138365,0.125,0.507405384,0,1,0,1,0,0,0,0,0,0,0,0,0,0,0,0,1,0,0,0,1,0,1,0,0,1,1,0,0,0,0,0,0,0,0,0,0,0,0,0,0,1,0,0,0,0,0,0,0,0,0,0,0,0,0,0,0,0,0,0,1,0,0,0,0,0,0,0,0,0,0,0,0,0,0,0,0,0,0,0,0,1,0,0,0,0,0,0,0,0,0,0,0,0,0,0,0,0,0,0,0,0,0,0,0,0,1,0,0,0,1,0,1
64,0,1.22,1,1,0.0,96.6,1,0,0,0,0,0,0,0,0,0.0,0,1,1,0,1,0,3.623188406,0.297724786,0.25,0.480651377,1,0,0,0,0,1,0,0,0,0,0,0,0,0,1,0,0,0,0,0,1,0,1,0,1,0,0,0,0,1,0,0,0,0,1,0,0,0,0,0,0,0,0,0,0,0,0,0,0,0,0,0,0,0,0,0,0,0,0,0,1,0,0,0,0,0,0,0,0,0,0,0,0,0,0,0,0,0,0,0,0,1,0,0,0,0,0,0,0,0,0,0,0,0,0,0,0,0,0,0,0,0,0,0,0,0,1,0,0,0,1,0,1
50,1,0.09,1,0,0.0,28.26666667,1,0,1,0,0,0,0,0,0,0.0,0,1,1,0,1,0,2.898550725,0.010451158,1.0,0.312926358,1,0,0,0,0,0,0,0,0,0,1,0,0,0,1,0,0,0,0,0,1,0,1,0,1,0,1,0,0,0,0,0,0,0,0,0,0,0,0,0,1,0,0,0,0,0,0,0,0,0,0,0,0,0,0,0,0,0,0,0,1,0,0,0,0,0,0,0,0,0,0,0,0,0,0,0,0,0,0,0,0,1,0,0,0,0,0,0,0,0,0,0,0,0,0,0,0,0,0,0,0,0,0,0,0,0,1,0,0,0,1,0,1
44,0,1.0,1,1,13.1,6.666666667,1,0,0,0,0,0,0,0,0,0.0,1,1,1,0,1,0,6.52173913,0.21381818,0.125,0.479103666,1,0,0,1,0,0,0,0,0,0,0,0,0,0,0,0,1,0,0,1,0,0,1,0,1,0,0,0,0,1,0,0,0,0,0,0,0,0,0,0,0,0,0,0,0,1,0,0,0,0,0,0,0,0,0,0,0,0,0,0,1,0,0,0,0,0,1,0,0,0,0,0,0,0,0,0,0,0,0,0,0,0,0,0,0,0,0,0,0,0,0,0,0,0,0,0,0,0,0,0,0,0,0,0,0,1,0,0,0,0,1,0,1
63,0,0.0,0,0,0.0,1.233333333,1,1,1,0,0,0,0,0,0,0.0,0,1,1,0,1,0,6.52173913,0.000544992,0.125,0.370769356,0,1,0,0,0,0,0,0,0,1,0,0,0,0,1,0,0,0,0,0,1,0,1,0,0,1,1,0,0,0,0,0,0,0,0,0,0,0,0,0,0,1,0,0,0,0,0,0,0,0,0,0,0,0,0,0,0,0,0,0,1,0,0,0,0,0,0,0,0,0,0,0,0,0,0,0,0,0,0,0,0,1,0,0,0,0,0,0,0,0,0,0,0,0,0,0,0,0,0,0,0,0,0,0,0,0,1,0,0,0,1,0,1
47,1,2.72,0,0,0.0,16.86666667,1,0,0,0,0,0,0,0,0,0.0,1,1,1,0,1,0,2.5,0.463856939,0.0,0.904696507,0,1,0,1,0,0,0,0,0,0,0,0,0,0,0,0,1,0,0,0,1,0,1,0,0,1,0,0,0,1,0,0,0,0,0,0,0,1,0,0,0,0,0,0,0,0,0,0,0,0,0,0,0,0,0,1,0,0,0,0,0,0,0,0,0,0,0,0,0,0,0,0,0,0,0,0,0,0,0,0,0,1,0,0,0,0,0,0,0,0,0,0,0,0,0,0,0,0,0,0,0,0,0,0,1,0,0,0,0,0,1,0,1
66,1,0.08,0,0,0.0,9.433333333,1,1,0,0,0,0,1,0,0,0.0,0,1,1,0,1,0,2.5,0.013391406,0.5,0.37227049,0,1,0,0,0,0,1,0,0,0,0,0,0,0,0,0,1,0,0,0,1,0,1,0,0,1,1,0,0,0,0,0,0,0,0,0,1,0,0,0,0,0,0,0,0,0,0,0,0,0,0,0,0,0,0,0,0,0,0,0,1,0,0,0,0,0,0,0,0,0,0,0,0,0,0,0,0,0,0,0,0,1,0,0,0,0,0,0,0,0,0,0,0,0,0,0,0,0,0,0,0,0,0,0,0,0,1,0,0,0,1,0,1
62,0,0.0,1,1,0.0,17.56666667,1,0,0,0,0,0,0,0,0,0.0,1,1,1,0,1,0,2.898550725,0.135159088,0.0,0.360894322,0,1,0,0,0,0,0,0,0,0,1,0,0,0,1,0,0,0,0,0,1,0,1,0,0,1,0,0,0,1,0,0,0,0,0,0,0,0,0,0,0,0,0,0,0,0,0,0,0,0,0,0,1,0,0,0,0,0,0,0,1,0,0,0,0,0,0,0,0,0,0,1,0,0,0,0,0,0,0,0,0,0,0,0,0,0,0,0,0,0,0,0,0,0,0,0,0,0,0,0,0,0,0,0,0,1,0,0,0,0,1,0,1
67,1,0.15,1,1,13.03333333,9.6,1,0,0,0,0,0,0,0,0,0.0,1,1,1,0,1,0,5.072463768,0.063010375,0.166666667,0.382396363,1,0,0,0,0,0,0,0,0,0,1,0,0,0,1,0,0,0,1,0,0,0,1,0,1,0,0,0,0,1,0,0,0,0,0,0,0,0,0,0,0,1,0,0,0,0,0,0,0,0,0,0,0,0,0,0,0,0,0,0,1,0,0,0,0,0,0,0,0,0,0,0,0,0,0,0,0,0,0,0,0,0,0,0,0,0,0,0,0,1,0,0,0,0,0,0,0,0,0,0,0,0,0,0,0,1,0,0,0,0,1,1,0
48,1,2.99,1,1,0.0,25.06666667,1,0,1,0,0,0,0,0,0,0.0,0,1,1,0,1,0,6.52173913,0.614879121,0.0,0.493588057,1,0,0,0,0,0,0,0,0,0,1,0,0,0,1,0,0,0,0,0,1,0,1,0,1,0,0,0,0,1,0,0,0,0,0,0,0,1,0,0,0,0,0,0,0,0,0,0,0,0,0,0,0,0,0,0,0,0,0,0,1,0,0,0,0,0,0,0,0,0,0,0,0,0,0,0,0,0,0,0,0,1,0,0,0,0,0,0,0,0,0,0,0,0,0,0,0,0,0,0,0,0,0,0,0,0,1,0,0,0,1,0,1
55,1,1.52,0,0,0.0,13.0,1,1,1,0,0,1,0,0,0,0.0,1,1,1,0,1,0,5.072463768,0.58643485,0.75,0.416778018,1,0,0,0,0,0,0,0,0,0,0,0,0,1,1,0,0,0,0,0,1,0,1,0,1,0,1,0,0,0,0,0,0,0,0,0,0,0,0,0,0,0,0,0,0,0,0,0,0,0,0,0,0,1,0,0,0,0,0,0,1,0,0,0,0,0,0,0,0,0,0,0,1,0,0,0,0,0,0,0,0,0,0,0,0,0,0,0,0,0,0,0,0,0,0,0,0,0,0,0,0,0,0,0,0,1,0,0,0,0,1,0,1
46,0,0.59,1,1,0.0,14.5,1,1,0,0,0,0,0,0,0,0.0,0,1,1,0,1,0,10.14492754,0.248152681,0.4,0.456422442,1,0,0,1,0,0,0,0,0,0,0,0,0,0,0,0,1,0,0,0,1,0,1,0,1,0,0,0,0,0,1,0,0,0,0,0,0,0,0,0,1,0,0,0,0,0,0,0,0,0,0,0,0,0,0,0,0,0,0,0,1,0,0,0,0,0,0,0,0,0,0,0,0,0,0,0,0,0,0,0,0,1,0,0,0,0,0,0,0,0,0,0,0,0,0,0,0,0,0,0,0,0,0,0,0,0,1,0,0,0,1,1,0
36,1,1.03,0,0,0.0,11.03333333,1,1,0,0,0,0,0,0,0,0.0,0,1,1,0,1,0,5.072463768,0.372110311,0.4,0.592072315,0,1,0,0,0,0,0,0,0,0,1,0,0,0,1,0,0,0,0,0,1,0,1,0,0,1,1,0,0,0,0,0,1,0,0,0,0,0,0,0,0,0,0,0,0,0,0,0,0,0,0,0,0,0,0,0,0,0,0,0,1,0,0,0,0,0,0,0,0,0,0,0,0,0,0,0,0,0,0,0,0,1,0,0,0,0,0,0,0,0,0,0,0,0,0,0,0,0,0,0,0,0,0,0,0,0,1,0,0,0,1,0,1
58,0,0.69,0,0,0.0,5.466666667,1,0,0,0,0,0,0,0,0,0.0,1,1,1,0,1,0,5.072463768,0.200369378,0.4,0.587301861,0,1,0,0,0,0,1,0,0,0,0,0,0,0,0,0,1,0,0,0,1,0,1,0,0,1,1,0,0,0,0,0,0,0,0,0,0,0,0,0,0,0,0,0,1,0,0,0,0,0,0,0,0,0,0,0,0,0,0,0,1,0,0,0,0,0,0,0,0,0,0,0,0,0,0,0,0,0,0,0,1,0,0,0,0,0,0,0,0,0,0,0,0,0,0,0,0,0,0,0,0,0,0,0,0,1,0,0,0,0,1,0,1
57,0,0.37,0,1,0.0,47.36666667,1,0,0,0,0,0,0,0,0,0.0,0,1,1,0,1,0,8.695652174,0.019058514,0.2,0.369274723,1,0,0,1,0,0,0,0,0,0,0,0,0,0,0,0,1,0,0,0,1,0,1,0,1,0,0,0,0,1,0,0,0,0,0,0,0,1,0,0,0,0,0,0,0,0,0,0,0,0,0,0,0,0,0,0,0,0,0,0,1,0,0,0,0,0,0,0,0,0,0,0,0,0,0,0,0,0,0,0,0,1,0,0,0,0,0,0,0,0,0,0,0,0,0,0,0,0,0,0,0,0,0,0,0,0,1,0,0,0,1,0,1
59,1,0.29,0,0,0.0,4.833333333,1,1,0,0,0,0,1,0,0,0.0,0,1,1,0,1,0,5.833333333,0.131843986,0.166666667,0.622453273,1,0,0,1,0,0,0,0,0,0,0,0,0,0,0,0,1,0,0,0,1,0,1,0,1,0,1,0,0,0,0,0,0,0,0,0,0,0,0,0,0,1,0,0,0,0,0,0,0,0,0,0,0,0,0,0,0,0,0,0,1,0,0,0,0,0,0,0,0,0,0,0,0,0,0,0,0,0,0,0,0,1,0,0,0,0,0,0,0,0,0,0,0,0,0,0,0,0,0,0,0,0,0,0,0,0,1,0,0,0,1,0,1
57,0,1.1,0,1,0.0,6.7,1,0,0,1,0,0,0,1,0,0.0,1,1,1,0,1,0,5.797101449,0.30012111,0.142857143,0.396910101,1,0,0,1,0,0,0,0,0,0,0,0,0,0,0,0,1,0,0,0,1,0,1,0,1,0,0,0,0,1,0,0,0,0,1,0,0,0,0,0,0,0,0,0,0,0,0,0,0,0,0,0,0,0,0,0,0,0,0,0,1,0,0,0,0,0,0,0,0,0,0,0,0,0,0,0,0,0,0,0,0,0,0,0,0,0,0,0,0,1,0,0,0,0,0,0,0,0,0,0,0,0,0,0,0,1,0,0,0,0,1,1,0
62,1,0.89,1,1,57.1,20.7,1,0,0,0,0,0,0,0,0,0.0,0,1,1,0,1,0,2.173913043,0.540092582,0.0,0.570115301,1,0,0,0,0,0,0,0,0,0,0,0,0,1,1,0,0,0,1,0,0,0,1,0,1,0,0,0,0,1,0,0,0,0,0,0,0,1,0,0,0,0,0,0,0,0,0,0,0,0,0,0,0,0,0,0,0,0,0,0,1,0,0,0,0,0,0,0,0,0,0,0,0,0,0,0,0,0,0,0,0,1,0,0,0,0,0,0,0,0,0,0,0,0,0,0,0,0,0,0,0,0,0,0,0,0,1,0,0,0,1,0,1
63,0,0.11,0,1,0.0,9.5,1,0,0,0,0,0,0,0,0,0.0,0,1,1,0,1,0,5.0,0.148581121,0.2,0.312559897,0,1,0,0,0,0,0,0,0,0,0,1,0,0,1,0,0,0,0,0,1,0,1,0,0,1,0,0,1,0,0,0,0,0,0,0,0,0,0,0,0,0,0,0,0,0,0,1,0,0,0,0,0,0,0,0,0,0,0,0,1,0,0,0,0,0,0,0,0,0,0,0,0,0,0,0,0,0,0,0,0,1,0,0,0,0,0,0,0,0,0,0,0,0,0,0,0,0,0,0,0,0,0,0,0,0,1,0,0,0,1,0,1
49,0,0.09,0,1,0.0,5.266666667,1,0,0,0,0,0,0,0,0,0.0,0,1,1,0,1,0,3.623188406,0.214020768,0.25,0.421580129,1,0,0,0,0,0,0,0,0,0,0,1,0,0,1,0,0,0,0,0,1,0,1,0,1,0,0,0,0,1,0,0,0,0,0,0,1,0,0,0,0,0,0,0,0,0,0,0,0,0,0,0,0,0,0,0,0,0,0,0,1,0,0,0,0,0,0,0,0,0,0,0,0,0,0,0,0,0,0,0,0,1,0,0,0,0,0,0,0,0,0,0,0,0,0,0,0,0,0,0,0,0,0,0,0,0,1,0,0,0,1,0,1
75,0,0.0,0,0,0.0,14.13333333,1,0,1,0,0,0,0,0,0,0.0,2,1,1,0,1,0,8.333333333,0.000215136,0.25,0.639541979,0,1,0,0,0,1,0,0,0,0,0,0,0,0,1,0,0,0,0,0,1,0,1,0,0,1,0,0,0,1,0,0,0,0,0,0,0,0,0,0,0,1,0,0,0,0,0,0,0,0,0,0,0,0,0,0,0,0,0,0,1,0,0,0,0,0,0,0,0,0,0,0,0,0,0,0,0,0,0,0,0,0,0,0,0,0,0,0,0,0,0,0,0,1,0,0,0,0,0,0,0,0,0,0,0,1,0,0,0,0,1,1,0
54,0,0.71,1,1,0.0,6.8,1,0,0,0,0,0,0,0,0,0.0,1,1,1,0,1,0,8.695652174,1.29e-06,0.2,0.443128212,0,1,0,0,0,1,0,0,0,0,0,0,0,0,1,0,0,0,0,0,1,0,1,0,0,1,0,0,0,1,0,0,0,0,0,0,0,1,0,0,0,0,0,0,0,0,0,0,0,0,0,0,0,0,0,0,0,0,0,0,1,0,0,0,0,0,0,0,0,0,0,0,0,0,0,0,0,0,0,0,0,0,0,0,0,0,0,0,0,1,0,0,0,0,0,0,0,0,0,0,0,0,0,0,0,1,0,0,0,0,1,1,0
64,0,0.34,1,0,0.0,11.3,1,0,0,0,0,0,0,0,0,0.0,0,1,1,0,1,0,2.173913043,0.026204914,0.0,0.488731817,0,1,1,0,0,0,0,0,0,0,0,0,0,0,0,0,1,0,0,0,1,0,1,0,0,1,0,0,0,1,0,0,0,0,0,0,0,1,0,0,0,0,0,0,0,0,0,0,0,0,0,0,0,0,0,0,0,0,0,0,1,0,0,0,0,0,0,0,0,0,0,0,0,0,0,0,0,0,0,0,0,1,0,0,0,0,0,0,0,0,0,0,0,0,0,0,0,0,0,0,0,0,0,0,0,0,1,0,0,0,1,0,1
58,0,1.15,0,1,0.0,3.033333333,1,0,0,0,0,0,0,0,0,0.0,0,1,1,0,1,0,4.347826087,0.179726426,0.2,0.306550345,0,1,0,0,0,0,0,0,0,0,0,1,0,0,1,0,0,0,0,0,1,0,1,0,0,1,0,0,0,1,0,0,0,0,0,0,0,0,1,0,0,0,0,0,0,0,0,0,0,0,0,0,0,0,0,0,0,0,0,0,1,0,0,0,0,0,0,0,0,0,0,0,0,0,0,0,0,0,0,0,0,1,0,0,0,0,0,0,0,0,0,0,0,0,0,0,0,0,0,0,0,0,0,0,0,0,1,0,0,0,1,0,1
90,1,0.39,0,0,14.93333333,3.066666667,1,0,1,0,0,0,0,0,0,0.0,0,1,1,0,1,0,5.0,0.30494319,0.2,0.470926761,0,1,0,1,0,0,0,0,0,0,0,0,0,0,0,0,1,0,0,1,0,0,1,0,0,1,0,0,1,0,0,0,0,0,0,0,0,1,0,0,0,0,0,0,0,0,0,0,0,0,0,0,0,0,0,0,0,0,0,0,1,0,0,0,0,0,0,0,0,0,0,0,0,0,0,0,0,0,0,0,0,1,0,0,0,0,0,0,0,0,0,0,0,0,0,0,0,0,0,0,0,0,0,0,0,0,1,0,0,0,1,0,1
46,0,0.28,1,1,0.0,63.1,1,0,0,0,0,0,0,0,0,0.0,0,1,1,0,1,0,5.072463768,4.84e-06,0.166666667,0.509619434,1,0,1,0,0,0,0,0,0,0,0,0,0,0,0,0,1,0,0,0,1,0,1,0,1,0,1,0,0,0,0,0,0,0,0,0,0,0,0,0,0,0,0,0,0,1,0,0,0,0,0,0,0,0,0,0,0,0,0,0,1,0,0,0,0,0,0,0,0,0,0,0,0,0,0,0,0,0,0,0,0,1,0,0,0,0,0,0,0,0,0,0,0,0,0,0,0,0,0,0,0,0,0,0,0,0,1,0,0,0,1,0,1
72,1,0.0,0,1,0.0,3.833333333,1,0,0,0,0,0,0,0,0,0.0,0,1,1,0,1,0,4.347826087,0.080998398,0.2,0.572875026,1,0,0,0,0,0,0,0,0,0,0,1,0,0,1,0,0,0,0,0,1,0,1,0,1,0,1,0,0,0,0,0,0,0,1,0,0,0,0,0,0,0,0,0,0,0,0,0,0,0,0,0,0,0,0,0,0,0,0,0,1,0,0,0,0,0,0,0,0,0,0,0,0,0,0,0,0,0,0,0,0,1,0,0,0,0,0,0,0,0,0,0,0,0,0,0,0,0,0,0,0,0,0,0,0,0,1,0,0,0,1,0,1
70,1,2.82,0,0,0.0,21.6,1,0,1,0,1,0,0,0,0,0.0,0,0,0,0,1,0,6.52173913,0.365778277,0.0,0.506284398,1,0,0,0,0,0,0,0,1,0,0,0,0,0,0,1,0,0,0,0,1,0,1,0,1,0,1,0,0,0,0,0,0,0,0,0,1,0,0,0,0,0,0,0,0,0,0,0,0,0,0,0,0,0,0,0,0,0,0,0,1,0,0,0,0,0,0,0,0,0,0,0,0,0,0,0,0,0,0,0,0,1,0,0,0,0,0,0,0,0,0,0,0,0,0,0,0,0,0,0,0,0,0,0,0,0,1,0,0,0,1,0,1
67,1,0.3,1,1,12.16666667,1.9,1,0,0,0,0,0,0,0,0,0.0,0,1,1,0,1,0,7.246376812,0.119981376,0.25,0.479923448,1,0,1,0,0,0,0,0,0,0,0,0,0,0,0,0,1,0,0,1,0,0,1,0,1,0,0,0,0,1,0,1,0,0,0,0,0,0,0,0,0,0,0,0,0,0,0,0,0,0,0,0,0,0,0,0,0,0,0,0,1,0,0,0,0,0,0,0,0,0,0,0,0,0,0,0,0,0,0,0,0,1,0,0,0,0,0,0,0,0,0,0,0,0,0,0,0,0,0,0,0,0,0,0,0,0,1,0,0,0,1,0,1
47,0,0.0,0,1,0.0,4.133333333,1,0,0,0,0,0,0,0,0,0.0,0,1,1,0,1,0,5.072463768,0.185581341,0.0,0.392995578,1,0,1,0,0,0,0,0,0,0,0,0,0,0,0,0,1,0,0,0,1,0,1,0,1,0,0,0,0,1,0,0,0,0,0,0,0,1,0,0,0,0,0,0,0,0,0,0,0,0,0,0,0,0,0,0,0,0,0,0,1,0,0,0,0,0,0,0,0,0,0,0,0,0,0,0,0,0,0,0,0,1,0,0,0,0,0,0,0,0,0,0,0,0,0,0,0,0,0,0,0,0,0,0,0,0,1,0,0,0,1,0,1
59,1,3.31,1,1,11.7,14.23333333,1,0,0,0,0,0,0,0,0,0.0,1,1,1,0,1,0,5.072463768,0.428202833,0.166666667,0.678816147,1,0,1,0,0,0,0,0,0,0,0,0,0,0,0,0,1,0,1,0,0,0,1,0,1,0,0,0,0,1,0,0,0,0,0,0,0,0,0,0,0,0,0,0,0,1,0,0,0,0,0,0,0,0,0,0,0,0,0,0,1,0,0,0,0,0,1,0,0,0,0,0,0,0,0,0,0,0,0,0,0,0,0,0,0,0,0,0,0,0,0,0,0,0,0,0,0,0,0,0,0,0,0,0,0,1,0,0,0,0,1,0,1
69,1,0.47,1,0,0.0,18.33333333,1,0,0,0,0,0,0,0,0,0.0,0,1,1,0,1,0,3.623188406,0.300698765,0.25,0.475060231,0,1,0,0,0,0,0,0,0,0,1,0,0,0,1,0,0,0,0,0,1,0,1,0,0,1,0,0,0,1,0,0,0,0,0,0,0,0,0,0,0,0,0,0,0,1,0,0,0,0,0,0,0,0,0,0,0,0,0,0,1,0,0,0,0,0,0,0,0,0,0,0,0,0,0,0,0,0,0,0,0,1,0,0,0,0,0,0,0,0,0,0,0,0,0,0,0,0,0,0,0,0,0,0,0,0,1,0,0,0,1,0,1
52,1,1.16,0,0,118.1666667,22.53333333,1,1,0,0,0,0,0,0,0,0.0,0,1,1,0,1,0,2.5,0.277920181,0.0,0.566591682,1,0,0,0,0,0,0,0,0,0,0,1,0,0,1,0,0,1,0,0,0,0,1,0,1,0,1,0,0,0,0,0,0,0,0,0,0,1,0,0,0,0,0,0,0,0,0,0,0,0,0,0,0,0,0,0,0,0,0,0,1,0,0,0,0,0,0,0,0,0,0,0,0,0,0,0,0,0,0,0,0,1,0,0,0,0,0,0,0,0,0,0,0,0,0,0,0,0,0,0,0,0,0,0,0,0,1,0,0,0,1,0,1
66,0,1.27,0,0,60.43333333,3.533333333,1,0,1,0,0,0,0,0,0,0.0,0,1,1,0,1,0,4.347826087,0.28619743,0.0,0.626884081,0,1,0,1,0,0,0,0,0,0,0,0,0,0,0,0,1,0,0,1,0,0,1,0,0,1,0,0,0,1,0,1,0,0,0,0,0,0,0,0,0,0,0,0,0,0,0,0,0,0,0,0,0,0,0,0,0,0,0,0,1,0,0,0,0,0,0,0,0,0,0,0,0,0,0,0,0,0,0,0,0,1,0,0,0,0,0,0,0,0,0,0,0,0,0,0,0,0,0,0,0,0,0,0,0,0,1,0,0,0,1,0,1
33,1,23.97,1,0,21.96666667,1.033333333,1,0,0,0,0,0,0,0,0,0.0,1,0,0,0,0,1,37.68115942,0.007121819,0.333333333,0.600513089,0,1,0,0,0,0,0,0,0,0,1,0,0,0,1,0,0,0,0,1,0,1,0,0,0,1,1,0,0,0,0,0,0,0,1,0,0,0,0,0,0,0,0,0,0,0,0,0,0,0,0,0,0,0,0,0,0,0,0,0,1,0,0,0,0,0,0,0,0,0,0,0,0,0,0,0,0,0,0,0,0,0,0,0,0,0,0,0,0,0,0,0,1,0,0,0,0,0,0,0,0,0,0,0,0,1,0,0,0,0,1,1,0
25,0,0.08,1,1,0.0,15.16666667,1,0,0,0,0,0,1,1,0,0.0,0,1,1,0,1,0,4.347826087,0.149120643,0.2,0.626343302,0,1,0,0,0,0,0,0,0,1,0,0,0,0,1,0,0,0,0,0,1,0,1,0,0,1,0,0,0,1,0,0,0,0,0,0,1,0,0,0,0,0,0,0,0,0,0,0,0,0,0,0,0,0,0,0,0,0,0,0,1,0,0,0,0,0,0,0,0,0,0,0,0,0,0,0,0,0,0,0,0,1,0,0,0,0,0,0,0,0,0,0,0,0,0,0,0,0,0,0,0,0,0,0,0,0,1,0,0,0,1,0,1
51,1,0.07,1,1,11.6,37.2,1,0,0,0,0,0,0,0,0,0.0,0,1,1,0,1,0,5.797101449,0.061444091,0.333333333,0.508591769,1,0,0,1,0,0,0,0,0,0,0,0,0,0,0,0,1,0,0,1,0,0,1,0,1,0,0,0,0,1,0,0,0,0,0,0,0,1,0,0,0,0,0,0,0,0,0,0,0,0,0,0,0,0,0,0,0,0,0,0,1,0,0,0,0,0,0,0,0,0,0,0,0,0,0,0,0,0,0,0,0,1,0,0,0,0,0,0,0,0,0,0,0,0,0,0,0,0,0,0,0,0,0,0,0,0,1,0,0,0,1,0,1
48,1,0.0,0,0,0.0,1.4,1,0,0,0,0,0,0,0,0,0.0,0,0,0,0,0,0,4.347826087,0.019066967,0.2,0.427616167,0,1,0,0,0,0,0,0,0,0,1,0,0,0,1,0,0,0,0,0,1,0,1,0,0,1,1,0,0,0,0,0,0,0,1,0,0,0,0,0,0,0,0,0,0,0,0,0,0,0,0,0,0,0,0,0,0,0,0,0,1,0,0,0,0,0,0,0,0,0,0,0,0,0,0,0,0,0,0,0,0,1,0,0,0,0,0,0,0,0,0,0,0,0,0,0,0,0,0,0,0,0,0,0,0,0,1,0,0,0,1,0,1
48,1,0.31,1,1,0.0,48.1,1,0,0,0,0,0,0,0,0,0.0,0,1,1,0,1,0,5.797101449,0.095376614,0.0,0.353087738,1,0,0,0,0,0,0,0,0,0,1,0,0,0,1,0,0,0,0,0,1,0,1,0,1,0,0,0,0,1,0,0,0,0,0,0,0,1,0,0,0,0,0,0,0,0,0,0,0,0,0,0,0,0,0,0,0,0,0,0,1,0,0,0,0,0,0,0,0,0,0,0,0,0,0,0,0,0,0,0,0,1,0,0,0,0,0,0,0,0,0,0,0,0,0,0,0,0,0,0,0,0,0,0,0,0,1,0,0,0,1,0,1
22,1,0.09,0,0,0.0,4.733333333,1,0,0,0,0,0,1,0,0,0.0,0,1,1,0,1,0,2.898550725,0.116889908,1.0,0.617021675,0,1,0,0,0,0,0,0,0,1,0,0,0,0,1,0,0,0,0,0,1,0,1,0,0,1,1,0,0,0,0,0,0,0,0,0,0,1,0,0,0,0,0,0,0,0,0,0,0,0,0,0,0,0,0,0,0,0,0,0,1,0,0,0,0,0,0,0,0,0,0,0,0,0,0,0,0,0,0,0,0,1,0,0,0,0,0,0,0,0,0,0,0,0,0,0,0,0,0,0,0,0,0,0,0,0,1,0,0,0,1,0,1
53,1,1.06,1,1,15.06666667,0.766666667,1,0,0,0,0,0,0,0,0,0.0,0,1,1,0,1,0,5.072463768,0.271718149,0.166666667,0.450539498,1,0,0,0,0,0,0,0,0,1,0,0,0,0,1,0,0,0,0,1,0,0,1,0,1,0,1,0,0,0,0,1,0,0,0,0,0,0,0,0,0,0,0,0,0,0,0,0,0,0,0,0,0,0,0,0,0,0,0,0,1,0,0,0,0,0,0,0,0,0,0,0,0,0,0,0,0,0,0,0,0,1,0,0,0,0,0,0,0,0,0,0,0,0,0,0,0,0,0,0,0,0,0,0,0,0,1,0,0,0,1,0,1
50,1,1.6,0,1,0.0,2.466666667,1,0,0,0,0,0,0,0,0,0.0,1,1,1,0,1,0,7.971014493,0.098862313,0.222222222,0.320290861,0,1,0,0,0,0,0,0,0,0,1,0,0,0,1,0,0,0,0,0,1,0,1,0,0,1,0,0,0,1,0,0,0,0,0,0,0,0,0,0,0,0,0,0,0,0,1,0,0,0,0,0,0,0,0,0,0,0,0,0,1,0,0,0,0,0,0,0,0,0,0,0,0,0,0,0,0,0,0,0,0,0,0,0,0,0,0,0,0,1,0,0,0,0,0,0,0,0,0,0,0,0,0,0,0,1,0,0,0,0,1,1,0
53,0,0.0,1,0,0.0,11.5,1,0,0,0,0,0,0,0,0,0.0,1,1,1,0,1,0,2.898550725,0.022992305,0.333333333,0.367904399,0,1,0,0,0,0,0,0,0,0,0,1,0,0,1,0,0,0,0,0,1,0,1,0,0,1,0,0,0,1,0,0,0,0,0,0,0,0,0,0,0,0,0,0,0,0,0,0,0,0,0,0,0,0,1,0,0,0,0,0,1,0,0,0,0,0,0,0,0,0,0,0,0,0,0,1,0,0,0,0,0,0,0,0,0,0,0,0,0,0,0,0,0,0,0,0,0,0,0,0,0,0,0,0,0,1,0,0,0,0,1,0,1
35,1,0.45,0,0,0.0,16.13333333,1,1,0,0,0,0,0,0,0,0.0,0,1,1,0,1,0,5.072463768,0.216813519,0.0,0.437191931,0,1,0,1,0,0,0,0,0,0,0,0,0,0,0,0,1,0,0,0,1,0,1,0,0,1,0,0,0,1,0,0,0,0,0,0,0,0,0,0,0,1,0,0,0,0,0,0,0,0,0,0,0,0,0,0,0,0,0,0,1,0,0,0,0,0,0,0,0,0,0,0,0,0,0,0,0,0,0,0,0,1,0,0,0,0,0,0,0,0,0,0,0,0,0,0,0,0,0,0,0,0,0,0,0,0,1,0,0,0,1,1,0
64,1,0.97,1,0,29.53333333,2.2,1,0,1,0,0,0,0,0,0,0.0,1,1,1,0,1,0,2.898550725,0.205385538,0.0,0.512249192,0,1,0,0,0,0,0,0,0,0,1,0,0,0,1,0,0,0,1,0,0,0,1,0,0,1,0,0,0,0,1,0,0,0,0,0,0,0,0,0,0,0,0,0,0,0,0,0,0,0,0,0,0,1,0,0,0,0,0,0,1,0,0,0,0,0,0,0,0,0,0,0,1,0,0,0,0,0,0,0,0,0,0,0,0,0,0,0,0,0,0,0,0,0,0,0,0,0,0,0,0,0,0,0,0,1,0,0,0,0,1,0,1
59,1,0.86,1,1,49.1,28.1,1,0,0,0,0,0,1,0,0,0.0,0,1,1,0,1,0,5.0,0.528413573,0.0,0.624395635,1,0,0,0,0,0,0,0,0,0,0,0,0,1,0,0,1,0,1,0,0,0,1,0,1,0,1,0,0,0,0,0,0,0,0,0,0,0,0,0,0,0,0,0,0,1,0,0,0,0,0,0,0,0,0,0,0,0,0,0,1,0,0,0,0,0,0,0,0,0,0,0,0,0,0,0,0,0,0,0,0,1,0,0,0,0,0,0,0,0,0,0,0,0,0,0,0,0,0,0,0,0,0,0,0,0,1,0,0,0,1,0,1
76,0,0.39,0,0,0.0,3.7,1,0,0,0,0,0,0,0,0,0.0,1,1,1,0,1,0,7.971014493,0.426126676,0.222222222,0.458489644,1,0,0,0,0,1,0,0,0,0,0,0,0,0,1,0,0,0,0,0,1,0,1,0,1,0,0,0,0,1,0,0,0,0,0,0,0,0,0,0,0,0,0,0,0,1,0,0,0,0,0,0,0,0,0,0,0,0,0,0,1,0,0,0,0,0,0,0,0,0,0,0,0,0,0,0,0,0,0,0,0,0,0,0,0,0,0,0,0,1,0,0,0,0,0,0,0,0,0,0,0,0,0,0,0,1,0,0,0,0,1,1,0
49,1,0.24,1,1,0.0,10.23333333,1,0,1,0,0,0,0,0,0,0.0,1,1,1,0,1,0,6.52173913,0.08306074,0.5,0.3661034,0,1,0,0,0,0,0,0,0,1,0,0,0,0,1,0,0,0,0,0,1,0,1,0,0,1,0,0,0,1,0,0,0,0,0,0,0,1,0,0,0,0,0,0,0,0,0,0,0,0,0,0,0,0,0,0,0,0,0,0,1,0,0,0,0,0,0,0,0,0,0,0,0,0,0,0,0,0,0,0,0,0,0,0,0,0,0,0,0,0,0,0,0,0,0,0,1,0,0,0,0,0,0,0,0,1,0,0,0,0,1,1,0
51,0,0.41,0,1,0.0,28.46666667,1,0,1,0,0,0,0,0,0,0.0,0,1,1,0,1,0,4.166666667,0.227414016,0.0,0.565788726,0,1,0,0,0,0,0,0,0,0,0,0,0,1,0,0,1,0,0,0,1,0,1,0,0,1,0,0,0,1,0,0,0,0,0,0,0,1,0,0,0,0,0,0,0,0,0,0,0,0,0,0,0,0,0,0,0,0,0,0,1,0,0,0,0,0,0,0,0,0,0,0,0,0,0,0,0,0,0,0,0,1,0,0,0,0,0,0,0,0,0,0,0,0,0,0,0,0,0,0,0,0,0,0,0,0,1,0,0,0,1,0,1
51,0,0.33,1,0,0.0,12.0,1,0,0,0,0,0,0,0,0,0.0,2,1,1,0,1,0,6.52173913,0.025858726,0.111111111,0.330008275,0,1,0,1,0,0,0,0,0,0,0,0,0,0,0,0,1,0,0,0,1,0,1,0,0,1,0,0,0,1,0,0,0,0,0,0,0,0,0,0,0,1,0,0,0,0,0,0,0,0,0,0,0,0,0,0,0,0,0,0,0,0,0,0,1,0,0,0,0,0,0,0,0,0,0,0,0,1,0,0,0,0,0,0,0,0,0,0,0,0,0,0,0,0,0,0,0,0,0,0,0,0,0,0,1,0,0,0,0,0,1,0,1
60,0,0.78,0,1,0.0,10.6,1,0,0,0,0,0,0,0,0,0.0,0,1,1,0,1,0,5.072463768,0.409933086,0.4,0.587195811,1,0,0,0,0,0,0,0,0,0,0,1,0,0,1,0,0,0,0,0,1,0,1,0,1,0,0,0,0,1,0,0,0,0,0,0,0,0,0,0,1,0,0,0,0,0,0,0,0,0,0,0,0,0,0,0,0,0,0,0,1,0,0,0,0,0,0,0,0,0,0,0,0,0,0,0,0,0,0,0,0,1,0,0,0,0,0,0,0,0,0,0,0,0,0,0,0,0,0,0,0,0,0,0,0,0,1,0,0,0,1,0,1
63,1,0.37,1,0,0.0,22.9,1,0,0,0,0,0,0,0,0,0.0,1,1,1,0,1,0,5.0,0.274434494,0.0,0.41601467,1,0,0,0,0,0,0,0,0,0,0,1,0,0,1,0,0,0,0,0,1,0,1,0,1,0,1,0,0,0,0,0,0,0,0,0,0,0,0,0,0,0,0,0,0,0,0,0,0,0,0,0,0,0,1,0,0,0,0,0,1,0,0,0,0,0,0,0,0,0,0,0,0,0,0,1,0,0,0,0,0,0,0,0,0,0,0,0,0,0,0,0,0,0,0,0,0,0,0,0,0,0,0,0,0,1,0,0,0,0,1,0,1
