Primary Tumor Site,Primary Tumor Location,Age at Diagnosis,Stage at Diagnosis,Gender,Molecular Subtype,MSIsensor Score,mCRC Type,Chemo Exposure of sequenced specimen,Metastasectomy,Time to metastasis (months),Time from Met Dx to Sequencing,Tumor Grade,Liver: First Site of Metastasis,Lymph Nodes: First Site of Metastasis,Lung: First Site of Metastasis,Pelvis: First Site of Metastasis,Brain: First Site of Metastasis,Bone: First Site of Metastasis,"Peritoneum, omentum, abdomen: First Site of Metastasis",Gynecological: First Site of Metastasis,Other: First Site of Metastasis,Level R1,Level 2B,Level 3A,Level 3B,Highest Level of Actionability,Number of actionable alterations (OncoKb) ,BRAF classes for patients with BRAF mutations,Genomic Pathway Goups,Samples for MSS Right/Left mCRC anslysis,Samples for MSS Right/Left analysis,Samples for MSS Right/Left early stage analysis,Samples for MSS mCRC analysis,Hypermutated,Mutation Rate (mut/mb),Fraction of Genome Altered,Ratio of Indel to Substitutions,Average Sample Alele Frequency
Transverse Colon,Right,45,IV,0,MSS,0.21,mCRC Primary,0.0,0,0.0,4.4,mod_diff,1,0,0,0,0,0,0,0,0,"Cetuximab,Panitumumab(KRAS p.G12D)",Not_Provided,Not_Provided,alpelisib(PIK3CA p.H1047R),LEVEL_3B,1,Not_Provided,PI3k_RAS,1,1,0,1,0,5.072463768,0.062638752,0.166666667,0.374913327
Sigmoid Colon,Left,50,IV,1,MSS,0.07,mCRC Primary,0.0,0,0.0,2.433333333,Not_Provided,1,0,0,0,0,0,0,0,0,Not_Provided,Not_Provided,Not_Provided,Not_Provided,Not_Provided,0,Not_Provided,none,1,1,0,1,0,2.898550725,0.05372559,0.0,0.472733565
Rectosigmoid,Left,38,IV,1,MSS,0.0,mCRC Primary,0.0,0,0.0,21.83333333,Not_Provided,1,0,1,0,0,1,1,0,0,Not_Provided,"ado-trastuzumab emtansine,Trastuzumab+Pertuzumab,Lapatinib,Trastuzumab(ERBB2 Amplification)",Not_Provided,"Lapatinib+Trastuzumab,Neratinib(ERBB2 Amplification);Neratinib(ERBB2 p.V777L)",LEVEL_2B,3,Not_Provided,RTK_ONLY,1,1,0,1,0,2.173913043,0.081776609,0.0,0.43265166
Rectosigmoid,Left,62,III,1,MSS,0.43,mCRC Metastasis,0.0,1,14.26666667,5.633333333,mod_diff,1,0,0,0,0,0,0,0,0,Not_Provided,Not_Provided,Not_Provided,Not_Provided,Not_Provided,0,Not_Provided,none,1,1,0,1,0,4.347826087,0.145185863,0.2,0.425498623
Cecum,Right,59,IV,1,MSS,0.29,mCRC Metastasis,0.0,0,0.0,4.833333333,Not_Provided,1,1,0,0,0,0,1,0,0,"Cetuximab,Panitumumab(KRAS p.G12V)",Not_Provided,Not_Provided,Not_Provided,Not_Provided,0,Not_Provided,RAS,1,1,0,1,0,5.833333333,0.131843986,0.166666667,0.622453273
Sigmoid Colon,Left,49,IV,0,MSS,0.12,mCRC Metastasis,0.0,1,0.0,94.73333333,mod_diff,1,0,0,0,0,0,0,0,0,Not_Provided,Not_Provided,Not_Provided,Not_Provided,Not_Provided,0,Not_Provided,none,1,1,0,1,0,4.166666667,0.334033102,0.0,0.378089702
Rectosigmoid,Left,45,III,1,MSS,1.43,mCRC Metastasis,0.0,1,35.7,2.4,mod_diff,1,0,0,0,0,0,0,0,0,Not_Provided,Not_Provided,Not_Provided,Not_Provided,Not_Provided,0,Not_Provided,none,1,1,0,1,0,2.898550725,0.23984966,0.333333333,0.459964252
Rectum,Left,71,III,1,MSS,0.0,mCRC Primary,0.0,0,9.333333333,9.966666667,Not_Provided,1,0,0,0,0,0,0,0,0,"Cetuximab,Panitumumab(KRAS p.G12S)",Not_Provided,Not_Provided,Not_Provided,Not_Provided,0,Not_Provided,RAS,1,1,0,1,0,2.173913043,0.032156041,0.5,0.319689948
Cecum,Right,51,IV,1,MSS,2.07,mCRC Metastasis,0.0,1,0.0,107.9666667,mod_diff,1,0,0,0,0,0,0,0,0,"Cetuximab,Panitumumab(KRAS p.G12D)",Not_Provided,Not_Provided,Not_Provided,Not_Provided,0,Not_Provided,RAS,1,1,0,1,0,2.173913043,0.015406115,0.0,0.611583961
Sigmoid Colon,Left,39,IV,0,MSS,0.57,mCRC Primary,0.0,0,0.0,10.5,mod_diff,1,0,0,0,0,0,0,0,0,Not_Provided,Not_Provided,Not_Provided,alpelisib(PIK3CA p.E542K),LEVEL_3B,1,2,PI3k_RAS,1,1,0,1,0,5.0,0.051684988,0.5,0.485872904
Sigmoid Colon,Left,49,IV,0,MSS,0.39,mCRC Metastasis,0.0,1,0.0,49.5,mod_diff,1,0,0,0,0,0,0,0,0,Not_Provided,Not_Provided,Not_Provided,alpelisib(PIK3CA p.G1049R),LEVEL_3B,1,Not_Provided,PI3K,1,1,0,1,0,4.347826087,0.291398014,0.5,0.411696533
Sigmoid Colon,Left,43,IV,0,MSS,1.09,mCRC Primary,0.0,0,0.0,1.466666667,Not_Provided,1,1,1,0,0,0,0,0,0,Not_Provided,"Dabrafenib,Vemurafenib+Cobimetinib,Trametinib,Trametinib+Dabrafenib,Vemurafenib(BRAF p.V600E)",Not_Provided,Not_Provided,LEVEL_2B,1,1,PI3k_RAS,1,1,0,1,0,4.347826087,0.199400589,0.5,0.453546111
Sigmoid Colon,Left,49,IV,0,MSS,2.04,mCRC Metastasis,0.0,1,0.0,45.23333333,mod_diff,1,0,0,0,0,0,0,1,0,Not_Provided,Not_Provided,Not_Provided,Not_Provided,Not_Provided,0,Not_Provided,none,1,1,0,1,0,1.666666667,0.388344188,0.0,0.459140558
Cecum,Right,48,IV,1,MSS,1.37,mCRC Primary,0.0,0,0.0,1.833333333,poorly-diff,1,1,0,0,0,0,0,0,0,Not_Provided,"ado-trastuzumab emtansine,Trastuzumab+Pertuzumab,Lapatinib,Trastuzumab(ERBB2 Amplification)",Not_Provided,"Lapatinib+Trastuzumab,Neratinib(ERBB2 Amplification)",LEVEL_2B,2,2,RAS,1,1,0,1,0,7.246376812,0.310360595,0.25,0.322768387
Sigmoid Colon,Left,54,III,0,MSS,1.51,mCRC Metastasis,0.0,1,25.23333333,65.63333333,mod_diff,1,0,0,0,0,0,0,0,0,Not_Provided,Not_Provided,Not_Provided,Not_Provided,Not_Provided,0,Not_Provided,RTK_ONLY,1,1,0,1,0,5.072463768,0.401831163,0.166666667,0.331568187
Hepatic Flexure,Right,66,IV,1,MSS,0.08,mCRC Primary,0.0,0,0.0,9.433333333,Not_Provided,1,1,0,0,0,0,1,0,0,"Cetuximab,Panitumumab(KRAS p.G12C)",Not_Provided,Not_Provided,Not_Provided,Not_Provided,0,Not_Provided,RAS,1,1,0,1,0,2.5,0.013391406,0.5,0.37227049
Sigmoid Colon,Left,59,IV,1,MSS,0.0,mCRC Primary,0.0,1,0.0,3.133333333,mod-poorly-diff,1,0,0,0,0,0,0,0,0,Not_Provided,Not_Provided,Not_Provided,Not_Provided,Not_Provided,0,Not_Provided,none,1,1,0,1,0,3.623188406,0.155816752,0.666666667,0.363885851
Sigmoid Colon,Left,46,IV,0,MSS,1.37,mCRC Metastasis,0.0,0,0.0,28.36666667,mod_diff,1,0,1,1,0,0,0,0,0,Not_Provided,Not_Provided,Not_Provided,Not_Provided,Not_Provided,0,Not_Provided,none,1,1,0,1,0,1.449275362,0.447656092,0.0,0.547675735
Sigmoid Colon,Left,42,IV,0,MSS,0.9,mCRC Metastasis,0.0,0,0.0,1.933333333,Not_Provided,1,1,1,0,0,0,0,0,0,Not_Provided,Not_Provided,Not_Provided,alpelisib(PIK3CA p.E545K),LEVEL_3B,1,Not_Provided,PI3K,1,1,0,1,0,5.072463768,0.348919038,0.4,0.321354218
Sigmoid Colon,Left,31,IV,1,MSS,0.96,mCRC Metastasis,0.0,0,0.0,30.4,Not_Provided,1,0,0,0,0,0,0,0,0,"Cetuximab,Panitumumab(KRAS p.G13D)",Not_Provided,Not_Provided,Not_Provided,Not_Provided,0,Not_Provided,RAS,1,1,0,1,0,6.52173913,0.197429509,0.125,0.376660477
Rectosigmoid,Left,53,IV,0,MSS,1.6,mCRC Primary,0.0,0,0.0,17.16666667,Not_Provided,1,0,1,0,0,0,0,0,0,"Cetuximab,Panitumumab(KRAS p.G12D)",Not_Provided,Not_Provided,Not_Provided,Not_Provided,0,Not_Provided,RAS,1,1,0,1,0,5.072463768,0.175188034,0.4,0.339364724
Ascending Colon,Right,75,IV,0,MSS,0.99,mCRC Metastasis,0.0,1,0.0,31.23333333,Not_Provided,1,1,0,1,0,0,0,0,0,Not_Provided,"Dabrafenib,Vemurafenib+Cobimetinib,Trametinib,Trametinib+Dabrafenib,Vemurafenib(BRAF p.V600E)",Not_Provided,Not_Provided,LEVEL_2B,1,Not_Provided,RAS,0,0,0,0,0,11.66666667,0.280788357,0.076923077,0.758335837
Sigmoid Colon,Left,62,IV,1,MSS,2.39,mCRC Primary,0.0,1,0.0,9.0,poorly-diff,1,0,0,0,0,0,0,0,0,Not_Provided,Not_Provided,Not_Provided,Not_Provided,Not_Provided,0,Not_Provided,RAS,1,1,0,1,0,3.623188406,0.521362841,0.666666667,0.382023023
Rectum,Left,49,IV,1,MSS,0.53,mCRC Primary,0.0,1,0.0,4.9,mod_diff,1,0,0,0,0,0,0,0,0,Not_Provided,Not_Provided,Not_Provided,Not_Provided,Not_Provided,0,Not_Provided,none,1,1,0,1,0,4.347826087,0.302686406,0.2,0.372013448
Splenic Flexure,Left,48,IV,0,MSS,0.17,mCRC Primary,0.0,1,0.0,2.0,mod_diff,1,0,0,0,0,0,0,0,0,"Cetuximab,Panitumumab(KRAS p.G12D)",Not_Provided,Not_Provided,alpelisib(PIK3CA p.E545K),LEVEL_3B,1,Not_Provided,PI3k_RAS,1,1,0,1,0,5.072463768,0.001691871,0.166666667,0.331623718
Sigmoid Colon,Left,40,IV,0,MSS,0.91,mCRC Metastasis,0.0,1,0.0,106.1333333,Not_Provided,1,0,0,0,0,0,0,0,0,Not_Provided,Not_Provided,Not_Provided,"AZD4547,Dovitinib(FGFR1 Amplification)",LEVEL_3B,1,Not_Provided,none,1,1,0,1,0,3.623188406,0.279040777,0.0,0.475141861
Splenic Flexure,Left,76,IV,1,MSI,37.98,mCRC Metastasis,0.0,1,0.0,6.0,Not_Provided,1,0,0,0,0,0,0,0,0,Not_Provided,Not_Provided,Not_Provided,Not_Provided,Not_Provided,0,2,PI3k_RAS,0,0,0,0,1,57.97101449,0.093749464,0.26984127,0.386025809
Descending Colon,Left,59,III,1,MSS,1.03,mCRC Metastasis,0.0,1,31.8,66.66666667,Not_Provided,1,0,0,0,0,0,1,0,0,Not_Provided,Not_Provided,Not_Provided,Not_Provided,Not_Provided,0,Not_Provided,none,1,1,0,1,0,5.072463768,0.185745404,0.166666667,0.460476922
Sigmoid Colon,Left,34,IV,1,MSS,0.1,mCRC Primary,0.0,0,0.0,18.0,mod-poorly-diff,1,0,0,0,0,0,0,0,0,Not_Provided,"ado-trastuzumab emtansine,Trastuzumab+Pertuzumab,Lapatinib,Trastuzumab(ERBB2 Amplification);Crizotinib(MET Amplification)",Not_Provided,"Lapatinib+Trastuzumab,Neratinib(ERBB2 Amplification)",LEVEL_2B,3,Not_Provided,RTK_ONLY,1,1,0,1,0,3.623188406,0.257943572,0.25,0.567669708
Hepatic Flexure,Right,82,IV,1,MSS,1.53,mCRC Metastasis,0.0,1,0.0,2.333333333,Not_Provided,1,0,0,0,0,0,0,0,0,Not_Provided,"Dabrafenib,Vemurafenib+Cobimetinib,Trametinib,Trametinib+Dabrafenib,Vemurafenib(BRAF p.V600E)",Not_Provided,Not_Provided,LEVEL_2B,1,1,RAS,1,1,0,1,0,6.52173913,0.151046528,0.125,0.46839002
Rectosigmoid,Left,24,IV,1,MSS,1.34,mCRC Primary,0.0,0,0.0,24.56666667,mod_diff,1,0,0,0,0,0,0,0,0,Not_Provided,Not_Provided,Not_Provided,Not_Provided,Not_Provided,0,Not_Provided,none,1,1,0,1,0,5.0,0.492379061,0.0,0.412993685
Sigmoid Colon,Left,42,III,0,MSS,5.04,mCRC Metastasis,0.0,1,19.96666667,62.33333333,mod_diff,1,0,0,0,0,0,0,0,0,Not_Provided,Not_Provided,Not_Provided,Not_Provided,Not_Provided,0,Not_Provided,none,1,1,0,1,0,6.52173913,0.518646566,0.125,0.447697103
Splenic Flexure,Left,47,IV,0,MSS,0.54,mCRC Primary,0.0,0,0.0,3.0,mod_diff,1,0,0,0,0,0,0,0,0,"Cetuximab,Panitumumab(NRAS p.G12C)",Not_Provided,Not_Provided,"Binimetinib+Ribociclib,Selumetinib+Radioiodine Uptake Therapy,Binimetinib(NRAS p.G12C)",LEVEL_3B,1,Not_Provided,RAS,1,1,0,1,0,3.623188406,0.111813439,0.25,0.563914303
Rectum,Left,42,IV,1,MSS,0.0,mCRC Metastasis,0.0,1,0.0,14.73333333,mod_diff,1,0,0,0,0,0,0,0,0,"Cetuximab,Panitumumab(KRAS p.G12D)",Not_Provided,Not_Provided,Not_Provided,Not_Provided,0,Not_Provided,RAS,1,1,0,1,0,1.449275362,5.66e-05,0.0,0.468919141
Rectum,Left,53,II,0,MSS,0.0,mCRC Primary,0.0,0,7.5,4.133333333,Not_Provided,1,0,1,0,0,0,0,0,0,"Cetuximab,Panitumumab(KRAS p.G12C)",Not_Provided,Not_Provided,Not_Provided,Not_Provided,0,Not_Provided,RAS,1,1,0,1,0,3.623188406,0.014340592,0.0,0.447825231
Cecum,Right,69,IV,1,MSS,0.75,mCRC Metastasis,0.0,0,0.0,3.166666667,mod_diff,1,0,0,0,0,0,1,0,0,"Cetuximab,Panitumumab(KRAS p.G13D)",Not_Provided,Not_Provided,Not_Provided,Not_Provided,0,Not_Provided,RAS,1,1,0,1,0,4.347826087,0.321855241,0.0,0.60251285
Transverse Colon,Left,49,IV,0,MSS,0.26,mCRC Primary,0.0,1,0.0,11.5,Not_Provided,1,0,0,0,0,0,1,0,0,Not_Provided,Not_Provided,Not_Provided,Not_Provided,Not_Provided,0,No_class,RAS,1,1,0,1,0,3.623188406,0.181718829,0.25,0.432179552
Transverse Colon,Right,59,II,1,MSS,0.86,mCRC Metastasis,0.0,1,49.1,28.1,Not_Provided,1,0,0,0,0,0,1,0,0,"Cetuximab,Panitumumab(KRAS p.G13D)",Not_Provided,Not_Provided,Not_Provided,Not_Provided,0,Not_Provided,RAS,1,1,0,1,0,5.0,0.528413573,0.0,0.624395635
Rectum,Left,53,IV,0,MSS,0.07,mCRC Primary,0.0,0,0.0,33.33333333,mod-poorly-diff,1,0,0,0,0,0,0,0,0,"Cetuximab,Panitumumab(KRAS p.G13D)",Not_Provided,Not_Provided,Not_Provided,Not_Provided,0,Not_Provided,PI3k_RAS,0,0,0,0,0,7.971014493,0.238510722,0.571428571,0.492761765
Rectum,Left,65,IV,0,MSS,1.23,mCRC Primary,0.0,0,0.0,10.83333333,Not_Provided,1,1,0,0,0,0,0,0,1,"Cetuximab,Panitumumab(KRAS p.G12V)",Not_Provided,Not_Provided,"AZD4547,Dovitinib(FGFR1 Amplification)",LEVEL_3B,1,Not_Provided,RAS,1,1,0,1,0,5.0,0.285135592,0.0,0.326671841
Rectum,Left,48,IV,1,MSS,0.31,mCRC Metastasis,0.0,1,0.0,48.1,mod_diff,1,0,0,0,0,0,0,0,0,"Cetuximab,Panitumumab(KRAS p.G12D)",Not_Provided,Not_Provided,Not_Provided,Not_Provided,0,Not_Provided,RAS,1,1,0,1,0,5.797101449,0.095376614,0.0,0.353087738
Ascending Colon,Right,37,IV,0,MSS,0.24,mCRC Metastasis,0.0,0,0.0,17.33333333,Not_Provided,1,1,0,0,0,0,0,0,1,Not_Provided,"Dabrafenib,Vemurafenib+Cobimetinib,Trametinib,Trametinib+Dabrafenib,Vemurafenib(BRAF p.V600E)",Not_Provided,alpelisib(PIK3CA p.E545K),LEVEL_2B,2,1,PI3k_RAS,1,1,0,1,0,8.333333333,0.063672144,0.25,0.434793104
Rectum,Left,42,IV,1,MSS,0.76,mCRC Primary,0.0,0,0.0,17.36666667,Not_Provided,1,0,0,0,0,0,0,0,0,Not_Provided,Not_Provided,Not_Provided,Not_Provided,Not_Provided,0,Not_Provided,none,1,1,0,1,0,1.449275362,0.404378243,1.0,0.423994161
Rectum,Left,67,II,1,MSS,1.47,mCRC Metastasis,0.0,1,22.96666667,31.53333333,Not_Provided,1,0,0,0,0,0,0,0,0,Not_Provided,Not_Provided,Not_Provided,Not_Provided,Not_Provided,0,Not_Provided,none,1,1,0,1,0,3.623188406,0.284618641,0.666666667,0.447261257
Ascending Colon,Right,65,IV,0,MSS,0.17,mCRC Metastasis,0.0,0,0.0,14.23333333,mod_diff,1,0,0,0,0,0,1,1,0,"Cetuximab,Panitumumab(KRAS p.G12D)",Not_Provided,Not_Provided,Not_Provided,Not_Provided,0,Not_Provided,RAS,1,1,0,1,0,3.333333333,0.095358721,0.0,0.607672413
Rectum,Left,55,III,1,MSS,0.08,mCRC Metastasis,0.0,1,17.0,7.733333333,mod_diff,1,0,0,0,0,0,0,0,0,Not_Provided,Not_Provided,Not_Provided,Not_Provided,Not_Provided,0,Not_Provided,RTK_ONLY,1,1,0,1,0,3.623188406,0.432223891,0.0,0.410634263
Rectum,Left,53,IV,0,MSS,1.82,mCRC Metastasis,0.0,1,0.0,14.3,mod_diff,1,0,0,0,0,0,0,0,0,Not_Provided,Not_Provided,Not_Provided,Not_Provided,Not_Provided,0,Not_Provided,none,1,1,0,1,0,4.347826087,0.458635888,0.0,0.522170304
Sigmoid Colon,Left,45,IV,1,MSS,1.17,mCRC Primary,0.0,1,0.0,2.166666667,mod-poorly-diff,1,0,0,0,0,0,0,0,0,Not_Provided,Not_Provided,Not_Provided,Not_Provided,Not_Provided,0,Not_Provided,none,1,1,0,1,0,5.072463768,0.279487126,0.75,0.381421749
Sigmoid Colon,Left,46,IV,0,MSS,0.15,mCRC Metastasis,0.0,1,0.0,44.13333333,mod_diff,1,0,0,0,0,0,0,0,0,Not_Provided,Not_Provided,Not_Provided,Not_Provided,Not_Provided,0,Not_Provided,none,1,1,0,1,0,3.623188406,0.153483368,0.25,0.463878427
Not_Provided,Not_Provided,81,III,1,MSS,1.63,mCRC Metastasis,0.0,0,25.33333333,16.13333333,Not_Provided,1,0,0,0,0,0,0,0,0,"Cetuximab,Panitumumab(KRAS p.G12V)",Not_Provided,Not_Provided,Not_Provided,Not_Provided,0,Not_Provided,RAS,0,0,0,1,0,6.52173913,0.411083611,0.125,0.414078879
Cecum,Right,54,IV,1,MSS,1.25,mCRC Primary,0.0,1,0.0,9.7,mod-poorly-diff,1,0,0,0,0,0,0,0,0,Not_Provided,Not_Provided,Not_Provided,Not_Provided,Not_Provided,0,Not_Provided,RTK_ONLY,1,1,0,1,0,3.333333333,0.453009346,0.0,0.612571144
Ascending Colon,Right,75,IV,1,MSS,0.1,mCRC Metastasis,0.0,1,0.0,69.06666667,Not_Provided,1,0,0,0,0,0,0,0,0,Not_Provided,Not_Provided,Not_Provided,Not_Provided,Not_Provided,0,Not_Provided,none,1,1,0,1,0,7.246376812,0.026844867,0.0,0.263133876
Cecum,Right,51,IV,0,MSS,1.95,mCRC Primary,0.0,0,0.0,9.3,Not_Provided,1,0,1,0,0,0,1,0,0,"Cetuximab,Panitumumab(KRAS p.A146T)",Olaparib(BRCA2 p.L1545Rfs*3),Not_Provided,Not_Provided,LEVEL_2B,1,Not_Provided,RAS,1,1,0,1,0,5.072463768,0.24921765,0.4,0.420696592
Rectum,Left,45,III,1,MSS,0.0,mCRC Primary,0.0,0,4.1,11.6,Not_Provided,1,0,0,0,0,0,0,0,0,Not_Provided,Not_Provided,Not_Provided,Not_Provided,Not_Provided,0,Not_Provided,RAS,1,1,0,1,0,4.347826087,0.150430004,0.75,0.361932077
Cecum,Right,64,IV,0,MSS,0.39,mCRC Metastasis,0.0,1,0.0,105.3333333,Not_Provided,1,0,0,0,0,0,0,0,0,"Cetuximab,Panitumumab(KRAS p.G12D)",Not_Provided,Not_Provided,alpelisib(PIK3CA p.E545K),LEVEL_3B,1,Not_Provided,PI3k_RAS,1,1,0,1,0,4.347826087,0.101194255,0.2,0.425493373
Rectosigmoid,Left,31,IV,0,MSS,0.0,mCRC Metastasis,0.0,1,0.0,34.1,mod_diff,1,0,0,0,0,0,0,0,0,Not_Provided,Not_Provided,Not_Provided,Not_Provided,Not_Provided,0,Not_Provided,none,1,1,0,1,0,4.347826087,0.091562038,1.0,0.405918365
Sigmoid Colon,Left,51,IV,0,MSS,1.48,mCRC Primary,0.0,0,0.0,29.0,mod_diff,1,0,0,0,0,0,0,0,0,"Cetuximab,Panitumumab(KRAS p.G12S)",Not_Provided,Not_Provided,Not_Provided,Not_Provided,0,Not_Provided,RAS,1,1,0,1,0,5.072463768,0.197755715,0.4,0.445105128
Sigmoid Colon,Left,76,IV,1,MSS,2.64,mCRC Metastasis,0.0,1,0.0,44.96666667,mod_diff,1,1,1,0,0,0,0,0,0,"Cetuximab,Panitumumab(KRAS p.G12C)",Not_Provided,Not_Provided,Not_Provided,Not_Provided,0,Not_Provided,RAS,1,1,0,1,0,5.833333333,0.512064514,0.166666667,0.408203774
Rectum,Left,33,III,1,MSI,23.97,mCRC Primary,0.0,0,21.96666667,1.033333333,Not_Provided,1,0,0,0,0,0,0,0,0,"Cetuximab,Panitumumab(KRAS p.G12A)",Not_Provided,Not_Provided,alpelisib(PIK3CA p.H1047R),LEVEL_3B,1,Not_Provided,PI3k_RAS,0,0,0,0,1,37.68115942,0.007121819,0.333333333,0.600513089
Rectum,Left,71,IV,0,MSS,0.15,mCRC Primary,0.0,0,0.0,3.466666667,Not_Provided,1,0,0,0,0,0,0,0,0,"Cetuximab,Panitumumab(KRAS p.K117N)",Not_Provided,Not_Provided,Not_Provided,Not_Provided,0,Not_Provided,RAS,1,1,0,1,0,2.173913043,0.010175606,0.0,0.33965474
Rectum,Left,48,IV,1,MSS,0.0,mCRC Primary,0.0,0,0.0,1.4,Not_Provided,1,0,0,0,0,0,0,0,0,"Cetuximab,Panitumumab(KRAS p.G12A)",Not_Provided,Not_Provided,Not_Provided,Not_Provided,0,Not_Provided,RAS,0,0,0,0,0,4.347826087,0.019066967,0.2,0.427616167
Descending Colon,Left,53,IV,0,MSS,0.89,mCRC Primary,0.0,1,0.0,5.8,mod_diff,1,0,0,0,0,0,0,0,0,"Cetuximab,Panitumumab(KRAS p.G12V)",Not_Provided,Not_Provided,Not_Provided,Not_Provided,0,Not_Provided,RAS,1,1,0,1,0,4.166666667,0.179233059,0.0,0.846135637
Rectum,Left,38,IV,0,MSS,0.09,mCRC Metastasis,0.0,0,0.0,52.23333333,Not_Provided,1,1,1,0,0,0,0,0,0,Not_Provided,Crizotinib(MET Amplification),Not_Provided,Not_Provided,LEVEL_2B,1,Not_Provided,PI3K,1,1,0,1,0,7.5,0.000247019,0.125,0.367676469
Ascending Colon,Right,64,IV,1,MSS,1.32,mCRC Metastasis,0.0,0,0.0,2.033333333,Not_Provided,1,0,0,0,0,0,0,0,0,"Cetuximab,Panitumumab(KRAS p.G12D)",Not_Provided,Not_Provided,AZD5363(AKT1 p.E17K),LEVEL_3B,1,Not_Provided,PI3k_RAS,1,1,0,1,0,5.072463768,0.166590895,0.0,0.482035305
Rectum,Left,65,III,1,MSS,0.17,mCRC Metastasis,0.0,1,15.1,17.7,mod_diff,1,0,0,0,0,0,0,0,0,Not_Provided,Not_Provided,Not_Provided,Not_Provided,Not_Provided,0,Not_Provided,none,1,1,0,1,0,3.623188406,0.240369385,0.0,0.534695307
Transverse Colon,Right,37,IV,1,MSS,0.64,mCRC Metastasis,0.0,0,0.0,4.666666667,Not_Provided,1,1,0,0,0,0,0,0,0,"Cetuximab,Panitumumab(KRAS p.A146T)",Not_Provided,Not_Provided,alpelisib(PIK3CA p.R88Q),LEVEL_3B,1,Not_Provided,PI3k_RAS,1,1,0,1,0,5.797101449,0.283458206,0.333333333,0.561573384
Rectosigmoid,Left,49,IV,0,MSS,0.48,mCRC Metastasis,0.0,1,0.0,98.6,mod_diff,1,0,0,0,0,0,0,0,0,Not_Provided,Not_Provided,Not_Provided,Not_Provided,Not_Provided,0,Not_Provided,none,1,1,0,1,0,2.5,0.00038934,0.5,0.259492365
Rectosigmoid,Left,50,IV,1,MSS,1.39,mCRC Primary,0.0,1,0.0,4.8,mod_diff,1,0,0,0,0,0,0,0,0,Not_Provided,Not_Provided,Not_Provided,Not_Provided,Not_Provided,0,Not_Provided,none,1,1,0,1,0,3.333333333,0.335455176,0.333333333,0.443341436
Rectum,Left,32,IV,0,MSS,1.69,mCRC Metastasis,0.0,0,0.0,16.2,mod_diff,1,0,0,1,0,0,1,0,0,"Cetuximab,Panitumumab(KRAS p.G13D)",Not_Provided,Not_Provided,Not_Provided,Not_Provided,0,Not_Provided,RAS,1,1,0,1,0,2.173913043,0.758994206,0.0,0.552305413
Sigmoid Colon,Left,48,IV,1,MSS,0.07,mCRC Metastasis,0.0,0,0.0,25.63333333,Not_Provided,1,0,0,0,0,0,0,0,0,Not_Provided,Crizotinib(MET Amplification),Not_Provided,Not_Provided,LEVEL_2B,1,Not_Provided,RTK_ONLY,1,1,0,1,0,3.623188406,0.053183964,0.666666667,0.434446055
Not_Provided,Not_Provided,44,IV,1,MSS,0.81,mCRC Metastasis,0.0,1,0.0,20.26666667,Not_Provided,1,0,0,0,0,0,0,0,0,Not_Provided,Not_Provided,Not_Provided,Not_Provided,Not_Provided,0,Not_Provided,none,0,0,0,1,0,5.072463768,0.285606332,0.0,0.449349986
Rectosigmoid,Left,63,IV,1,MSS,1.23,mCRC Primary,0.0,0,0.0,4.166666667,Not_Provided,1,0,0,0,0,0,1,0,0,"Cetuximab,Panitumumab(KRAS p.G12V);Cetuximab,Panitumumab(KRAS p.D33E)",Not_Provided,Not_Provided,alpelisib(PIK3CA p.E545G),LEVEL_3B,1,Not_Provided,PI3k_RAS,1,1,0,1,0,9.420289855,0.151490407,0.444444444,0.328084177
Sigmoid Colon,Left,48,IV,0,MSS,0.2,mCRC Primary,0.0,0,0.0,6.7,Not_Provided,1,1,0,1,0,0,0,0,0,"Cetuximab,Panitumumab(KRAS p.G12V)",Not_Provided,Not_Provided,Not_Provided,Not_Provided,0,Not_Provided,RAS,1,1,0,1,0,5.797101449,0.135016224,0.333333333,0.24849971
Rectosigmoid,Left,69,IV,1,MSS,0.17,mCRC Metastasis,0.0,1,0.0,20.46666667,poorly-diff,1,0,0,0,0,0,0,0,0,Not_Provided,Olaparib(BRCA2 p.L638*),Not_Provided,"AZD4547,Dovitinib(FGFR1 Amplification)",LEVEL_2B,2,Not_Provided,none,1,1,0,1,0,5.072463768,0.058539101,0.166666667,0.405940481
Ascending Colon,Right,62,IV,1,MSS,0.13,mCRC Primary,0.0,0,0.0,3.4,Not_Provided,1,0,0,0,0,0,0,0,0,Not_Provided,Not_Provided,Not_Provided,alpelisib(PIK3CA p.E545K);Trametinib(BRAF p.K601E),LEVEL_3B,2,2,PI3k_RAS,1,1,0,1,0,7.971014493,0.031503479,0.1,0.346821105
Left Colon,Left,83,IV,0,MSS,1.04,mCRC Metastasis,0.0,1,0.0,14.53333333,mod_diff,1,0,0,0,0,0,0,0,0,"Cetuximab,Panitumumab(KRAS p.G12A)",Not_Provided,Not_Provided,Not_Provided,Not_Provided,0,Not_Provided,RAS,1,1,0,1,0,5.072463768,0.239118917,0.75,0.372987408
Sigmoid Colon,Left,54,IV,1,MSS,0.17,mCRC Primary,0.0,0,0.0,2.266666667,Not_Provided,1,0,1,0,0,0,0,0,0,"Cetuximab,Panitumumab(KRAS p.G12V)",Not_Provided,Not_Provided,Not_Provided,Not_Provided,0,Not_Provided,RAS,1,1,0,1,0,3.623188406,0.039320832,0.25,0.406404215
Sigmoid Colon,Left,54,IV,1,MSS,0.63,mCRC Primary,0.0,0,0.0,22.53333333,mod_diff,1,0,0,0,0,0,0,0,0,Not_Provided,Not_Provided,Not_Provided,Not_Provided,Not_Provided,0,Not_Provided,none,1,1,0,1,0,3.623188406,0.297691019,1.5,0.574968521
Cecum,Right,65,IV,1,MSS,0.0,mCRC Primary,0.0,0,0.0,17.53333333,poorly-diff,1,0,0,0,0,0,0,0,0,"Cetuximab,Panitumumab(KRAS p.G12V)",Not_Provided,Not_Provided,alpelisib(PIK3CA p.E545K),LEVEL_3B,1,Not_Provided,PI3k_RAS,1,1,0,1,0,1.666666667,0.00246764,0.0,0.374245849
Sigmoid Colon,Left,32,IV,1,MSS,2.37,mCRC Metastasis,0.0,0,0.0,2.5,Not_Provided,1,1,1,0,0,0,0,0,0,"Cetuximab,Panitumumab(KRAS p.G12S)",Not_Provided,Not_Provided,Not_Provided,Not_Provided,0,Not_Provided,RAS,1,1,0,1,0,7.971014493,0.371262095,0.375,0.336235474
Cecum,Right,56,IV,0,MSS,0.23,mCRC Primary,0.0,0,0.0,8.066666667,mod_diff,1,0,1,0,0,0,1,0,0,"Cetuximab,Panitumumab(KRAS p.G13D)",Not_Provided,Not_Provided,Not_Provided,Not_Provided,0,Not_Provided,RAS,1,1,0,1,0,7.246376812,0.000488969,0.428571429,0.416594752
Rectum,Left,50,IV,1,MSS,1.6,mCRC Primary,0.0,1,0.0,2.466666667,mod_diff,1,0,0,0,0,0,0,0,0,"Cetuximab,Panitumumab(KRAS p.K117N)",Not_Provided,Not_Provided,alpelisib(PIK3CA p.E545K),LEVEL_3B,1,Not_Provided,PI3k_RAS,1,1,0,1,0,7.971014493,0.098862313,0.222222222,0.320290861
Rectum,Left,67,II,1,MSS,0.15,mCRC Metastasis,0.0,1,13.03333333,9.6,mod_diff,1,0,0,0,0,0,0,0,0,"Cetuximab,Panitumumab(KRAS p.G12V)",Not_Provided,Not_Provided,alpelisib(PIK3CA p.E545K),LEVEL_3B,1,Not_Provided,PI3k_RAS,1,1,0,1,0,5.072463768,0.063010375,0.166666667,0.382396363
Rectum,Left,82,IV,1,MSS,0.09,mCRC Primary,0.0,0,0.0,21.76666667,Not_Provided,1,0,0,0,0,0,0,0,0,"Cetuximab,Panitumumab(NRAS p.G12C)",Not_Provided,Not_Provided,"Binimetinib+Ribociclib,Selumetinib+Radioiodine Uptake Therapy,Binimetinib(NRAS p.G12C)",LEVEL_3B,1,Not_Provided,RAS,1,1,0,1,0,5.072463768,0.069824814,0.166666667,0.478301164
Cecum,Right,66,IV,0,MSS,0.28,mCRC Primary,0.0,0,0.0,8.333333333,mod-poorly-diff,1,0,1,0,0,0,0,0,0,Not_Provided,"Dabrafenib,Vemurafenib+Cobimetinib,Trametinib,Trametinib+Dabrafenib,Vemurafenib(BRAF p.V600E)",Not_Provided,alpelisib(PIK3CA p.E545K),LEVEL_2B,2,1,PI3k_RAS,1,1,0,1,0,8.695652174,4.18e-05,0.090909091,0.459413447
Ascending Colon,Right,44,IV,0,MSS,0.0,mCRC Primary,0.0,0,0.0,3.366666667,Not_Provided,1,1,0,0,0,0,0,0,0,"Cetuximab,Panitumumab(KRAS p.G12D)",Not_Provided,Not_Provided,Not_Provided,Not_Provided,0,Not_Provided,RAS,1,1,0,1,0,5.072463768,0.123431061,0.0,0.392471183
Descending Colon,Left,52,IV,1,MSS,0.19,mCRC Metastasis,0.0,1,0.0,41.43333333,mod_diff,1,0,0,0,0,0,0,0,0,Not_Provided,"ado-trastuzumab emtansine,Trastuzumab+Pertuzumab,Lapatinib,Trastuzumab(ERBB2 Amplification)",Not_Provided,"Lapatinib+Trastuzumab,Neratinib(ERBB2 Amplification)",LEVEL_2B,2,Not_Provided,RTK_ONLY,1,1,0,1,0,2.173913043,0.046818463,0.5,0.418173523
Transverse Colon,Left,62,II,1,MSS,0.89,mCRC Metastasis,0.0,1,57.1,20.7,mod_diff,1,0,0,0,0,0,0,0,0,"Cetuximab,Panitumumab(KRAS p.G12D)",Not_Provided,Not_Provided,Not_Provided,Not_Provided,0,Not_Provided,RAS,1,1,0,1,0,2.173913043,0.540092582,0.0,0.570115301
Sigmoid Colon,Left,67,IV,1,MSS,0.15,mCRC Metastasis,0.0,0,0.0,94.66666667,Not_Provided,1,0,1,0,0,0,0,0,0,Not_Provided,Not_Provided,Not_Provided,Not_Provided,Not_Provided,0,Not_Provided,none,1,1,0,1,0,7.971014493,0.120014008,0.1,0.349777658
Sigmoid Colon,Left,40,I,0,MSS,1.52,mCRC Metastasis,0.0,1,32.96666667,71.03333333,mod_diff,1,0,0,0,0,0,0,0,0,Not_Provided,Not_Provided,Not_Provided,Not_Provided,Not_Provided,0,Not_Provided,PI3K,1,1,0,1,0,3.333333333,0.201124302,0.333333333,0.650674583
Transverse Colon,Right,45,IV,0,MSS,0.0,mCRC Metastasis,0.0,1,0.0,17.1,mod-poorly-diff,1,0,0,0,0,0,0,0,0,"Cetuximab,Panitumumab(KRAS p.G13D)",Not_Provided,Not_Provided,Not_Provided,Not_Provided,0,Not_Provided,RAS,1,1,0,1,0,5.797101449,0.033319692,0.333333333,0.368857301
Rectum,Left,55,IV,1,MSS,2.82,mCRC Metastasis,0.0,0,0.0,2.233333333,Not_Provided,1,1,0,0,0,1,0,0,0,"Cetuximab,Panitumumab(KRAS p.G12V)",Not_Provided,Not_Provided,Not_Provided,Not_Provided,0,Not_Provided,RAS,1,1,0,1,0,4.347826087,0.48112311,0.0,0.604584803
Splenic Flexure,Left,61,IV,0,MSI,40.65,mCRC Primary,0.0,0,0.0,8.866666667,Not_Provided,1,1,1,0,0,0,0,0,0,Not_Provided,Not_Provided,"LOXO-101,Entrectinib(NTRK3 LEVEL_3B)",LEVEL_3B(NTRK3 LEVEL_3B),LEVEL_3A,2,Not_Provided,RAS,0,0,0,0,1,57.5,0.093952373,0.392156863,0.454302448
Descending Colon,Left,34,IV,0,MSS,0.14,mCRC Primary,0.0,1,0.0,7.233333333,mod_diff,1,0,0,0,0,0,0,0,0,"Cetuximab,Panitumumab(KRAS p.G12D)",Not_Provided,Not_Provided,Not_Provided,Not_Provided,0,Not_Provided,RAS,1,1,0,1,0,6.52173913,6.41e-06,0.25,0.488040701
Cecum,Right,59,III,1,MSS,0.19,mCRC Metastasis,0.0,1,19.86666667,43.56666667,mod_diff,1,0,0,0,0,0,0,0,0,"Cetuximab,Panitumumab(KRAS p.G12D)",Not_Provided,Not_Provided,Not_Provided,Not_Provided,0,Not_Provided,RAS,1,1,0,1,0,2.614379085,0.220825187,1.0,0.534761961
Rectum,Left,73,III,0,MSS,0.49,mCRC Primary,0.0,0,7.1,5.0,poorly-diff,1,0,1,0,0,0,0,0,0,Not_Provided,Not_Provided,Not_Provided,Not_Provided,Not_Provided,0,Not_Provided,RAS,1,1,0,1,0,4.347826087,0.268471062,0.5,0.444972609
Rectosigmoid,Left,49,IV,1,MSS,1.1,mCRC Primary,0.0,0,0.0,19.93333333,mod_diff,1,0,0,0,0,0,0,0,0,Not_Provided,Not_Provided,Not_Provided,Not_Provided,Not_Provided,0,Not_Provided,PI3K,1,1,0,1,0,3.333333333,0.612555866,0.0,0.453435971
Rectum,Left,33,IV,0,MSS,0.0,mCRC Metastasis,0.0,0,0.0,49.36666667,mod_diff,1,1,0,0,0,0,0,0,0,Not_Provided,"ado-trastuzumab emtansine,Trastuzumab+Pertuzumab,Lapatinib,Trastuzumab(ERBB2 Amplification)",Not_Provided,"Lapatinib+Trastuzumab,Neratinib(ERBB2 Amplification)",LEVEL_2B,2,Not_Provided,RTK_ONLY,1,1,0,1,0,2.173913043,0.026299758,0.0,0.329492465
Rectosigmoid,Left,35,IV,1,MSS,0.42,mCRC Metastasis,0.0,0,0.0,45.33333333,Not_Provided,1,0,0,0,0,0,0,0,0,Not_Provided,Not_Provided,Not_Provided,Not_Provided,Not_Provided,0,Not_Provided,none,1,1,0,1,0,2.173913043,0.440079518,0.0,0.554520467
Sigmoid Colon,Left,67,IV,1,MSS,1.28,mCRC Metastasis,0.0,0,0.0,3.766666667,Not_Provided,1,0,0,0,0,0,0,0,0,Not_Provided,Not_Provided,Not_Provided,Not_Provided,Not_Provided,0,Not_Provided,none,1,1,0,1,0,4.347826087,0.323821942,0.2,0.39605757
Rectum,Left,44,IV,1,MSS,0.39,mCRC Primary,0.0,1,0.0,7.3,mod_diff,1,0,0,0,0,0,0,0,0,Not_Provided,Not_Provided,Not_Provided,alpelisib(PIK3CA p.N345K),LEVEL_3B,1,Not_Provided,PI3K,1,1,0,1,0,5.0,0.211527236,0.0,0.459304304
Sigmoid Colon,Left,38,IV,1,MSS,0.17,mCRC Metastasis,0.0,1,0.0,101.6333333,mod_diff,1,0,0,0,0,0,0,0,0,Not_Provided,Not_Provided,Not_Provided,Not_Provided,Not_Provided,0,Not_Provided,none,1,1,0,1,0,4.347826087,0.051351259,0.2,0.394379092
Rectosigmoid,Left,62,IV,0,MSS,0.34,mCRC Primary,0.0,0,0.0,3.933333333,Not_Provided,1,0,1,0,0,0,0,0,0,"Cetuximab,Panitumumab(NRAS p.Q61L)",Not_Provided,Not_Provided,"Binimetinib+Ribociclib,Selumetinib+Radioiodine Uptake Therapy,Binimetinib(NRAS p.Q61L)",LEVEL_3B,1,Not_Provided,RAS,1,1,0,1,0,5.797101449,0.188960417,0.142857143,0.390696724
Hepatic Flexure,Right,80,IV,1,MSI,36.15,mCRC Primary,0.0,0,0.0,6.6,Not_Provided,1,0,0,0,0,0,0,0,0,Not_Provided,"Dabrafenib,Vemurafenib+Cobimetinib,Trametinib,Trametinib+Dabrafenib,Vemurafenib(BRAF p.V600E);Olaparib(BRCA2 p.K3416Nfs*11)",Not_Provided,Not_Provided,LEVEL_2B,2,1,RAS,0,0,0,0,1,26.8115942,0.047666326,0.541666667,0.470372336
Sigmoid Colon,Left,47,I,0,MSS,1.29,mCRC Metastasis,0.0,1,8.333333333,43.86666667,Not_Provided,1,0,0,0,0,0,0,0,0,"Cetuximab,Panitumumab(KRAS p.G12C)",Not_Provided,Not_Provided,Not_Provided,Not_Provided,0,Not_Provided,RAS,1,1,0,1,0,5.833333333,0.259778394,0.0,0.466909465
Ascending Colon,Right,56,IV,1,MSS,0.5,mCRC Primary,0.0,1,0.0,16.8,mod_diff,1,0,0,0,0,0,0,0,0,Not_Provided,Not_Provided,Not_Provided,Not_Provided,Not_Provided,0,Not_Provided,PI3K,1,1,0,1,0,6.666666667,0.084407197,0.142857143,0.349228674
Cecum,Right,34,IV,1,MSS,0.38,Early Stage Primary,0.0,1,0.0,12.0,mod-poorly-diff,0,0,0,0,0,0,0,0,0,Not_Provided,Not_Provided,Not_Provided,Not_Provided,Not_Provided,0,3,PI3k_RAS,0,1,1,0,0,13.76811594,0.183641842,0.055555556,0.362375313
Rectum,Left,68,IV,0,MSS,0.0,mCRC Metastasis,0.0,1,0.0,11.9,mod_diff,1,0,0,0,0,0,0,0,0,"Cetuximab,Panitumumab(KRAS p.G12C)",Not_Provided,Not_Provided,Not_Provided,Not_Provided,0,Not_Provided,PI3k_RAS,1,1,0,1,0,4.347826087,2.17e-06,0.2,0.528691517
Transverse Colon,Left,39,IV,0,MSS,0.0,mCRC Primary,0.0,0,0.0,6.866666667,Not_Provided,1,0,0,0,0,0,1,1,0,Not_Provided,"Dabrafenib,Vemurafenib+Cobimetinib,Trametinib,Trametinib+Dabrafenib,Vemurafenib(BRAF p.V600E)",Not_Provided,AZD5363(AKT1 p.E17K),LEVEL_2B,2,1,PI3k_RAS,1,1,0,1,0,3.623188406,0.0,0.0,0.34275672
Sigmoid Colon,Left,53,IV,1,MSS,0.16,mCRC Primary,0.0,0,0.0,2.466666667,mod_diff,1,1,0,0,0,0,0,0,0,Not_Provided,Not_Provided,Not_Provided,Not_Provided,Not_Provided,0,Not_Provided,PI3K,1,1,0,1,0,4.347826087,0.294244218,0.2,0.439082494
Cecum,Right,68,IV,0,MSS,0.44,mCRC Primary,0.0,0,0.0,1.733333333,Not_Provided,1,0,0,0,0,0,0,0,0,Not_Provided,Not_Provided,Not_Provided,alpelisib(PIK3CA p.E453K),LEVEL_3B,1,Not_Provided,PI3K,1,1,0,1,0,4.347826087,0.107923699,0.2,0.347582318
Rectosigmoid,Left,44,IV,0,MSS,0.85,mCRC Metastasis,0.0,1,0.0,34.23333333,mod-poorly-diff,1,0,0,0,0,0,0,0,0,"Cetuximab,Panitumumab(KRAS p.G13D)",Not_Provided,Not_Provided,Not_Provided,Not_Provided,0,Not_Provided,RAS,1,1,0,1,0,3.623188406,0.426675564,0.666666667,0.478069194
Ascending Colon,Right,52,IV,1,MSS,0.08,mCRC Primary,0.0,0,0.0,3.533333333,poorly-diff,1,1,0,0,0,0,1,0,0,"Cetuximab,Panitumumab(KRAS p.G12D)",Not_Provided,Not_Provided,Not_Provided,Not_Provided,0,Not_Provided,RAS,1,1,0,1,0,4.347826087,0.005486439,0.2,0.43122449
Sigmoid Colon,Left,54,IV,0,MSS,0.36,mCRC Metastasis,0.0,1,0.0,20.03333333,mod_diff,1,0,0,0,0,0,0,0,0,Not_Provided,Not_Provided,Not_Provided,Not_Provided,Not_Provided,0,Not_Provided,PI3K,1,1,0,1,0,3.623188406,0.227938653,0.666666667,0.433225613
Sigmoid Colon,Left,62,IV,1,MSS,0.57,mCRC Primary,0.0,0,0.0,4.566666667,mod_diff,1,0,0,0,0,0,0,0,0,Not_Provided,Not_Provided,Not_Provided,Not_Provided,Not_Provided,0,Not_Provided,RTK_ONLY,1,1,0,1,0,5.0,0.287268807,0.0,0.497713168
Descending Colon,Left,51,IV,1,MSS,0.57,mCRC Metastasis,0.0,0,0.0,9.833333333,Not_Provided,1,0,0,0,0,0,0,0,1,Not_Provided,Not_Provided,Not_Provided,alpelisib(PIK3CA p.E542K),LEVEL_3B,1,Not_Provided,PI3K,1,1,0,1,0,5.833333333,0.091026422,0.75,0.430928536
Descending Colon,Left,58,IV,1,MSS,1.26,mCRC Metastasis,0.0,1,0.0,21.06666667,mod_diff,1,0,0,0,0,0,0,0,0,Not_Provided,"ado-trastuzumab emtansine,Trastuzumab+Pertuzumab,Lapatinib,Trastuzumab(ERBB2 Amplification)",Not_Provided,"Lapatinib+Trastuzumab,Neratinib(ERBB2 Amplification)",LEVEL_2B,2,Not_Provided,RTK_ONLY,1,1,0,1,0,3.623188406,0.347417255,0.0,0.416453401
Cecum,Right,51,IV,0,MSS,0.33,mCRC Primary,0.0,0,0.0,12.0,mod_diff,1,0,0,0,0,0,0,0,0,"Cetuximab,Panitumumab(KRAS p.G12V)","ado-trastuzumab emtansine,Trastuzumab+Pertuzumab,Lapatinib,Trastuzumab(ERBB2 Amplification)",Not_Provided,"Lapatinib+Trastuzumab,Neratinib(ERBB2 Amplification)",LEVEL_2B,2,Not_Provided,RAS,1,1,0,1,0,6.52173913,0.025858726,0.111111111,0.330008275
Rectosigmoid,Left,54,IV,0,MSS,0.17,mCRC Metastasis,0.0,0,0.0,3.733333333,Not_Provided,1,0,0,0,0,0,0,0,0,Not_Provided,Not_Provided,Not_Provided,Not_Provided,Not_Provided,0,Not_Provided,none,1,1,0,1,0,2.173913043,0.075833539,0.5,0.392612854
Sigmoid Colon,Left,49,IV,0,MSS,2.03,mCRC Metastasis,0.0,1,0.0,137.9333333,mod_diff,1,0,0,0,0,0,0,0,0,Not_Provided,Not_Provided,Not_Provided,Not_Provided,Not_Provided,0,Not_Provided,none,1,1,0,1,0,5.072463768,0.390435646,0.166666667,0.452269239
Cecum,Right,35,IV,1,MSS,0.34,mCRC Primary,0.0,0,0.0,2.1,poorly-diff,1,0,0,0,0,0,0,0,0,"Cetuximab,Panitumumab(KRAS p.G12V)",Not_Provided,Not_Provided,Not_Provided,Not_Provided,0,Not_Provided,RAS,1,1,0,1,0,3.921568627,0.046432024,0.0,0.389512818
Sigmoid Colon,Left,55,III,0,MSS,3.2,mCRC Metastasis,0.0,1,7.2,270.5333333,Not_Provided,1,0,0,0,0,0,0,0,0,Not_Provided,Not_Provided,Not_Provided,Not_Provided,Not_Provided,0,Not_Provided,none,1,1,0,1,0,6.52173913,0.64164868,0.5,0.533380168
Descending Colon,Left,48,I,0,MSS,0.0,mCRC Metastasis,0.0,1,43.16666667,70.2,mod_diff,1,0,0,0,0,0,0,0,0,Not_Provided,Not_Provided,Not_Provided,Not_Provided,Not_Provided,0,Not_Provided,none,1,1,0,1,0,2.5,0.218836054,0.5,0.726166325
Sigmoid Colon,Left,59,IV,1,MSS,1.08,mCRC Primary,0.0,1,0.0,6.666666667,mod-poorly-diff,1,1,0,0,0,0,0,0,0,Not_Provided,Not_Provided,Not_Provided,Not_Provided,Not_Provided,0,Not_Provided,none,1,1,0,1,0,4.166666667,0.218336559,0.25,0.556060946
Sigmoid Colon,Left,26,III,1,MSS,0.0,mCRC Metastasis,0.0,1,14.3,9.666666667,mod_diff,1,0,0,0,0,0,0,0,0,Not_Provided,Not_Provided,Not_Provided,alpelisib(PIK3CA p.E545K),LEVEL_3B,1,3,PI3k_RAS,1,1,0,1,0,5.797101449,0.002386736,0.333333333,0.374917637
Sigmoid Colon,Left,48,IV,0,MSS,0.58,mCRC Primary,0.0,0,0.0,9.9,Not_Provided,1,1,0,0,0,0,0,0,0,Not_Provided,Not_Provided,Not_Provided,Not_Provided,Not_Provided,0,Not_Provided,none,1,1,0,1,0,2.5,0.170738375,0.0,0.397940227
Sigmoid Colon,Left,43,IV,0,MSS,1.41,mCRC Metastasis,0.0,0,0.0,5.133333333,poorly-diff,1,0,0,0,0,0,0,0,0,Not_Provided,Not_Provided,Not_Provided,Not_Provided,Not_Provided,0,Not_Provided,none,1,1,0,1,0,5.797101449,0.275864323,0.6,0.459358797
Rectum,Left,41,IV,1,MSS,0.35,mCRC Primary,0.0,0,0.0,8.666666667,mod_diff,1,0,0,0,0,0,0,0,0,"Cetuximab,Panitumumab(KRAS p.G12D)",Not_Provided,Not_Provided,Not_Provided,Not_Provided,0,Not_Provided,RAS,1,1,0,1,0,2.898550725,0.042635162,0.0,0.397015073
Descending Colon,Left,71,IV,0,MSS,0.84,mCRC Metastasis,0.0,1,0.0,165.8666667,mod_diff,1,0,0,0,0,0,0,0,0,"Cetuximab,Panitumumab(KRAS p.G12D)",Not_Provided,Not_Provided,Not_Provided,Not_Provided,0,Not_Provided,RAS,1,1,0,1,0,8.695652174,0.072915009,0.090909091,0.34031415
Ascending Colon,Right,51,II,1,MSS,0.17,mCRC Primary,0.0,1,14.83333333,28.83333333,mod_diff,1,0,0,0,0,0,0,0,0,"Cetuximab,Panitumumab(KRAS p.G12A);Cetuximab,Panitumumab(NRAS p.Q61K)",Not_Provided,Not_Provided,"AZD5363(AKT1 p.E17K);Binimetinib+Ribociclib,Selumetinib+Radioiodine Uptake Therapy,Binimetinib(NRAS p.Q61K)",LEVEL_3B,2,Not_Provided,PI3k_RAS,1,1,0,1,0,6.52173913,0.181951983,0.125,0.4365855
Rectum,Left,46,II,0,MSS,0.22,mCRC Metastasis,0.0,1,16.76666667,24.26666667,mod_diff,1,0,0,0,0,0,0,0,0,Not_Provided,Not_Provided,Not_Provided,Not_Provided,Not_Provided,0,Not_Provided,none,1,1,0,1,0,2.898550725,0.339747316,1.0,0.49697837
Cecum,Right,69,IV,0,MSS,0.88,mCRC Primary,0.0,0,0.0,2.266666667,poorly-diff,1,0,0,0,0,0,1,0,0,Not_Provided,Not_Provided,Not_Provided,Not_Provided,Not_Provided,0,Not_Provided,RAS,1,1,0,1,0,2.898550725,0.051785667,0.0,0.415568916
Sigmoid Colon,Left,63,IV,1,MSS,0.1,mCRC Metastasis,0.0,1,0.0,10.1,mod_diff,1,0,0,0,0,0,0,0,0,Not_Provided,Not_Provided,Not_Provided,Not_Provided,Not_Provided,0,Not_Provided,none,1,1,0,1,0,2.5,0.40069022,0.0,0.475965126
Rectosigmoid,Left,57,IV,1,MSS,0.0,mCRC Metastasis,0.0,1,0.0,43.3,mod_diff,1,0,0,0,0,0,0,0,0,Not_Provided,Not_Provided,Not_Provided,Not_Provided,Not_Provided,0,Not_Provided,RAS,1,1,0,1,0,8.695652174,0.058215413,0.090909091,0.461024996
Ascending Colon,Right,46,IV,0,MSS,0.65,mCRC Primary,0.0,0,0.0,23.16666667,mod_diff,1,1,0,0,0,0,0,0,0,"Cetuximab,Panitumumab(KRAS p.G12D)",Not_Provided,Not_Provided,Neratinib(ERBB2 p.I767M),LEVEL_3B,1,Not_Provided,RAS,1,1,0,1,0,5.833333333,0.157014148,0.166666667,0.424726466
Cecum,Right,72,IV,0,MSS,0.26,mCRC Metastasis,0.0,0,0.0,27.0,Not_Provided,1,0,0,0,0,0,1,0,0,"Cetuximab,Panitumumab(KRAS p.G12D)",Not_Provided,Not_Provided,alpelisib(PIK3CA p.E545K),LEVEL_3B,1,Not_Provided,PI3k_RAS,1,1,0,1,0,7.5,0.272917337,0.125,0.474526621
Rectum,Left,57,IV,1,MSS,0.14,mCRC Metastasis,0.0,0,0.0,33.46666667,mod_diff,1,0,0,0,0,0,0,0,0,Not_Provided,Not_Provided,Not_Provided,Not_Provided,Not_Provided,0,Not_Provided,none,1,1,0,1,0,3.623188406,0.099000348,0.25,0.355955079
Sigmoid Colon,Left,64,IV,0,MSS,0.82,mCRC Metastasis,0.0,0,0.0,54.13333333,mod_diff,1,0,0,0,0,0,0,0,0,Not_Provided,Not_Provided,Not_Provided,alpelisib(PIK3CA p.E545K),LEVEL_3B,1,Not_Provided,PI3K,0,0,0,0,0,5.072463768,0.29342034,0.0,0.51759776
Sigmoid Colon,Left,58,IV,0,MSS,0.61,mCRC Primary,0.0,0,0.0,13.46666667,poorly-diff,1,0,0,0,0,0,0,0,0,"Cetuximab,Panitumumab(KRAS p.G12D)",Not_Provided,Not_Provided,Not_Provided,Not_Provided,0,Not_Provided,RAS,1,1,0,1,0,5.797101449,0.239270446,0.142857143,0.471786398
Sigmoid Colon,Left,58,III,0,MSS,2.26,mCRC Metastasis,0.0,1,54.83333333,2.2,mod-poorly-diff,1,0,0,0,0,0,0,0,0,Not_Provided,Not_Provided,Not_Provided,Not_Provided,Not_Provided,0,Not_Provided,none,1,1,0,1,0,5.797101449,0.502084367,0.333333333,0.44721551
Descending Colon,Left,56,IV,1,MSS,1.44,mCRC Metastasis,0.0,1,0.0,30.73333333,mod_diff,1,0,0,0,0,0,0,0,0,"Cetuximab,Panitumumab(KRAS p.G12C)",Not_Provided,Not_Provided,Not_Provided,Not_Provided,0,Not_Provided,RAS,1,1,0,1,0,4.347826087,0.236644968,0.0,0.338410476
Rectum,Left,57,IV,0,MSS,0.0,mCRC Metastasis,0.0,1,0.0,19.93333333,mod_diff,1,0,0,0,0,0,0,0,0,Not_Provided,Not_Provided,Not_Provided,Not_Provided,Not_Provided,0,Not_Provided,none,1,1,0,1,0,1.449275362,0.003670781,1.0,0.33916768
Sigmoid Colon,Left,65,IV,0,MSS,1.56,mCRC Metastasis,0.0,1,0.0,73.63333333,mod_diff,1,0,0,0,0,0,0,0,0,Not_Provided,Not_Provided,Not_Provided,Not_Provided,Not_Provided,0,Not_Provided,RTK_ONLY,1,1,0,1,0,5.797101449,0.471230524,0.0,0.577033263
Ascending Colon,Right,43,IV,0,MSS,0.09,mCRC Primary,0.0,0,0.0,14.93333333,mod_diff,1,0,0,0,0,0,0,0,0,"Cetuximab,Panitumumab(KRAS p.G12D)",Not_Provided,Not_Provided,alpelisib(PIK3CA p.E545K),LEVEL_3B,1,Not_Provided,PI3k_RAS,1,1,0,1,0,5.072463768,0.128353329,0.166666667,0.359139258
Ascending Colon,Right,50,IV,1,MSS,0.0,mCRC Metastasis,0.0,1,0.0,54.1,mod_diff,1,0,0,0,0,0,0,0,0,Not_Provided,Not_Provided,Not_Provided,alpelisib(PIK3CA p.R38C),LEVEL_3B,1,Not_Provided,PI3K,1,1,0,1,0,2.898550725,0.110797815,1.0,0.336010325
Rectum,Left,74,IV,0,MSS,0.08,mCRC Metastasis,0.0,0,0.0,7.533333333,Not_Provided,1,0,1,0,0,0,0,1,1,Not_Provided,Not_Provided,Not_Provided,"Cobimetinib,Trametinib,Selumetinib(MAP2K1 p.K57E)",LEVEL_3B,1,3,RAS,1,1,0,1,0,4.347826087,0.215743658,0.2,0.382943826
Sigmoid Colon,Left,49,IV,1,MSS,0.15,mCRC Metastasis,0.0,1,0.0,49.8,Not_Provided,1,0,0,0,0,0,0,0,0,"Cetuximab,Panitumumab(KRAS p.G12D)",Not_Provided,Not_Provided,Not_Provided,Not_Provided,0,Not_Provided,RAS,1,1,0,1,0,6.52173913,0.164829993,0.125,0.347018319
