Sample Type,Primary Tumor Site,Primary Tumor Location,Age at Diagnosis,Stage at Diagnosis,Gender,Molecular Subtype,MSIsensor Score,mCRC Type,Chemo Exposure of sequenced specimen,Metastasectomy,Time to metastasis (months),Time from Met Dx to Sequencing,Tumor Grade,Liver: First Site of Metastasis,Lymph Nodes: First Site of Metastasis,Lung: First Site of Metastasis,Pelvis: First Site of Metastasis,Brain: First Site of Metastasis,Bone: First Site of Metastasis,"Peritoneum, omentum, abdomen: First Site of Metastasis",Gynecological: First Site of Metastasis,Other: First Site of Metastasis,Level R1,Level 2B,Level 3A,Level 3B,Highest Level of Actionability,Number of actionable alterations (OncoKb) ,BRAF classes for patients with BRAF mutations,Genomic Pathway Goups,Samples for MSS Right/Left mCRC anslysis,Samples for MSS Right/Left analysis,Samples for MSS Right/Left early stage analysis,Samples for MSS mCRC analysis,Hypermutated,Mutation Rate (mut/mb),Fraction of Genome Altered,Ratio of Indel to Substitutions,Average Sample Alele Frequency
Metastasis,Rectum,Left,68,IV,0,MSS,0.0,mCRC Metastasis,1,1,0.0,11.9,mod_diff,1,0,0,0,0,0,0,0,0,"Cetuximab,Panitumumab(KRAS p.G12C)",Not_Provided,0.0,Not_Provided,Not_Provided,0,Not_Provided,PI3k_RAS,1,1,0,1,0,4.347826087,2.17e-06,0.2,0.528691517
Metastasis,Cecum,Right,63,IV,1,MSS,0.79,mCRC Metastasis,1,1,0.0,46.7,mod_diff,1,0,0,0,0,0,0,0,0,"Cetuximab,Panitumumab(KRAS p.G12D)",Not_Provided,0.0,Not_Provided,Not_Provided,0,Not_Provided,RAS,1,1,0,1,0,3.333333333,0.268661608,0.333333333,0.64061103
Primary,Cecum,Right,50,IV,0,MSS,0.0,mCRC Primary,1,0,0.0,7.0,mod_diff,1,0,0,0,0,0,0,0,0,"Cetuximab,Panitumumab(KRAS p.G12V)",Not_Provided,0.0,Not_Provided,Not_Provided,0,Not_Provided,PI3k_RAS,1,1,0,1,0,3.623188406,0.001369409,0.666666667,0.427540123
Metastasis,Sigmoid Colon,Left,45,III,0,MSS,6.17,mCRC Metastasis,1,1,14.96666667,20.03333333,mod_diff,1,0,0,0,0,0,0,0,0,"Cetuximab,Panitumumab(KRAS p.A146T)",Not_Provided,0.0,alpelisib(PIK3CA p.E542K),LEVEL_3B,1,No_class,PI3k_RAS,1,1,0,1,0,7.5,0.410255084,0.125,0.561326052
Metastasis,Sigmoid Colon,Left,63,IV,1,MSS,0.37,mCRC Metastasis,1,0,0.0,22.9,Not_Provided,1,0,0,0,0,0,0,0,0,"Cetuximab,Panitumumab(NRAS p.Q61L)",Not_Provided,0.0,"Binimetinib+Ribociclib,Selumetinib+Radioiodine Uptake Therapy,Binimetinib(NRAS p.Q61L)",LEVEL_3B,1,Not_Provided,RAS,1,1,0,1,0,5.0,0.274434494,0.0,0.41601467
Primary,Sigmoid Colon,Left,49,IV,1,MSS,0.92,mCRC Primary,0,0,0.0,5.233333333,mod-poorly-diff,1,1,1,0,0,0,0,0,0,"Cetuximab,Panitumumab(KRAS p.G12C)",Not_Provided,0.0,Not_Provided,Not_Provided,0,Not_Provided,RAS,1,1,0,1,0,3.333333333,0.165530904,0.333333333,0.519314899
Primary,Rectum,Left,58,IV,1,MSS,1.33,mCRC Primary,0,0,0.0,9.566666667,Not_Provided,1,1,0,0,0,0,0,0,0,"Cetuximab,Panitumumab(KRAS p.A146T)",Not_Provided,0.0,Not_Provided,Not_Provided,0,Not_Provided,RAS,1,1,0,1,0,7.5,0.38619203,0.125,0.445040293
Metastasis,Sigmoid Colon,Left,54,IV,0,MSS,0.0,mCRC Metastasis,1,1,0.0,141.0666667,Not_Provided,1,0,0,0,0,0,0,0,0,"Cetuximab,Panitumumab(KRAS p.D33E)",Not_Provided,0.0,Not_Provided,Not_Provided,0,Not_Provided,RAS,1,1,0,1,0,2.173913043,0.021560048,0.0,0.451856902
Primary,Ascending Colon,Right,32,IV,1,MSS,0.0,mCRC Primary,1,0,0.0,6.733333333,mod_diff,1,0,0,0,0,0,1,0,0,"Cetuximab,Panitumumab(KRAS p.G12D)",Not_Provided,0.0,Not_Provided,Not_Provided,0,Not_Provided,RAS,1,1,0,1,0,2.898550725,0.216301399,0.25,0.406180632
Primary,Cecum,Right,51,IV,0,MSS,0.33,mCRC Primary,1,0,0.0,12.0,mod_diff,1,0,0,0,0,0,0,0,0,"Cetuximab,Panitumumab(KRAS p.G12V)","ado-trastuzumab emtansine,Trastuzumab+Pertuzumab,Lapatinib,Trastuzumab(ERBB2 Amplification)",0.0,"Lapatinib+Trastuzumab,Neratinib(ERBB2 Amplification)",LEVEL_2B,2,Not_Provided,RAS,1,1,0,1,0,6.52173913,0.025858726,0.111111111,0.330008275
Primary,Sigmoid Colon,Left,59,IV,1,MSS,0.61,mCRC Primary,0,0,0.0,1.9,mod_diff,1,0,0,0,0,0,0,0,0,"Cetuximab,Panitumumab(KRAS p.G13D)",Not_Provided,0.0,alpelisib(PIK3CA p.E545K),LEVEL_3B,1,Not_Provided,PI3k_RAS,1,1,0,1,0,4.347826087,0.101776853,0.5,0.385334691
Primary,Descending Colon,Left,75,IV,0,MSS,0.0,mCRC Primary,0,0,0.0,14.13333333,mod_diff,1,0,1,0,0,0,0,0,0,"Cetuximab,Panitumumab(KRAS p.G12V)",Not_Provided,0.0,alpelisib(PIK3CA p.H1047R);alpelisib(PIK3CA p.G118D),LEVEL_3B,2,Not_Provided,PI3k_RAS,1,1,0,1,0,8.333333333,0.000215136,0.25,0.639541979
Metastasis,Descending Colon,Left,52,III,1,MSS,2.84,mCRC Metastasis,1,0,21.16666667,64.4,mod_diff,1,0,0,0,0,0,0,0,0,"Cetuximab,Panitumumab(KRAS p.G12V)",Not_Provided,0.0,Not_Provided,Not_Provided,0,Not_Provided,RAS,1,1,0,1,0,2.5,0.441198072,0.5,0.695364176
Primary,Ascending Colon,Right,46,IV,0,MSS,0.65,mCRC Primary,0,0,0.0,23.16666667,mod_diff,1,1,0,0,0,0,0,0,0,"Cetuximab,Panitumumab(KRAS p.G12D)",Not_Provided,0.0,Neratinib(ERBB2 p.I767M),LEVEL_3B,1,Not_Provided,RAS,1,1,0,1,0,5.833333333,0.157014148,0.166666667,0.424726466
Primary,Rectum,Left,41,IV,1,MSS,0.35,mCRC Primary,1,0,0.0,8.666666667,mod_diff,1,0,0,0,0,0,0,0,0,"Cetuximab,Panitumumab(KRAS p.G12D)",Not_Provided,0.0,Not_Provided,Not_Provided,0,Not_Provided,RAS,1,1,0,1,0,2.898550725,0.042635162,0.0,0.397015073
Primary,Rectosigmoid,Left,25,IV,0,MSS,0.08,mCRC Primary,1,1,0.0,15.16666667,mod_diff,1,0,0,0,0,0,1,1,0,"Cetuximab,Panitumumab(KRAS p.G12C)",Not_Provided,0.0,Not_Provided,Not_Provided,0,Not_Provided,RAS,1,1,0,1,0,4.347826087,0.149120643,0.2,0.626343302
Primary,Ascending Colon,Right,56,IV,0,MSS,0.15,mCRC Primary,0,0,0.0,2.833333333,Not_Provided,1,1,1,0,0,0,0,0,0,"Cetuximab,Panitumumab(KRAS p.K117N)",Not_Provided,0.0,"Cobimetinib,Trametinib,Selumetinib(MAP2K1 p.Y130C)",LEVEL_3B,1,Not_Provided,PI3k_RAS,1,1,0,1,0,4.347826087,0.132908849,1.0,0.415640358
Primary,Rectum,Left,64,II,1,MSS,0.97,mCRC Primary,1,0,29.53333333,2.2,poorly-diff,1,0,1,0,0,0,0,0,0,"Cetuximab,Panitumumab(NRAS p.Q61K)",Not_Provided,0.0,"Binimetinib+Ribociclib,Selumetinib+Radioiodine Uptake Therapy,Binimetinib(NRAS p.Q61K)",LEVEL_3B,1,Not_Provided,RAS,1,1,0,1,0,2.898550725,0.205385538,0.0,0.512249192
Metastasis,Cecum,Right,61,IV,1,MSS,1.26,mCRC Metastasis,1,1,0.0,29.0,Not_Provided,1,0,0,0,0,0,0,0,0,"Cetuximab,Panitumumab(KRAS p.G12D)",Not_Provided,0.0,alpelisib(PIK3CA p.E542K),LEVEL_3B,1,Not_Provided,PI3k_RAS,1,1,0,1,0,4.347826087,0.421127313,0.5,0.321563283
Metastasis,Rectum,Left,50,IV,0,MSS,1.22,mCRC Metastasis,1,0,0.0,30.6,Not_Provided,1,0,0,0,0,0,0,0,0,"Cetuximab,Panitumumab(KRAS p.G13D)",Not_Provided,0.0,Not_Provided,Not_Provided,0,Not_Provided,RAS,1,1,0,1,0,3.623188406,0.230851931,0.0,0.516854758
Primary,Rectosigmoid,Left,61,IV,0,MSS,3.0,mCRC Primary,0,0,0.0,1.233333333,Not_Provided,1,0,0,0,0,0,0,0,0,"Cetuximab,Panitumumab(NRAS p.Q61K)",Not_Provided,0.0,"Binimetinib+Ribociclib,Selumetinib+Radioiodine Uptake Therapy,Binimetinib(NRAS p.Q61K)",LEVEL_3B,1,No_class,RAS,1,1,0,1,0,5.072463768,0.583744213,0.166666667,0.507996452
Metastasis,Cecum,Right,34,IV,0,MSS,2.68,mCRC Metastasis,1,1,0.0,11.9,poorly-diff,1,0,0,0,0,0,1,0,0,"Cetuximab,Panitumumab(KRAS p.G12D)",Not_Provided,0.0,alpelisib(PIK3CA p.Q546K),LEVEL_3B,1,No_class,PI3k_RAS,1,1,0,1,0,9.166666667,0.401332999,0.375,0.646695762
Metastasis,Hepatic Flexure,Right,58,IV,0,MSS,0.0,mCRC Metastasis,1,1,0.0,91.83333333,Not_Provided,1,0,0,0,0,0,0,0,0,"Cetuximab,Panitumumab(KRAS p.G12D)",Not_Provided,0.0,alpelisib(PIK3CA p.E545G),LEVEL_3B,1,Not_Provided,PI3k_RAS,1,1,0,1,0,3.623188406,0.005637794,0.25,0.421171182
Metastasis,Not_Provided,Not_Provided,81,III,1,MSS,1.63,mCRC Metastasis,1,0,25.33333333,16.13333333,Not_Provided,1,0,0,0,0,0,0,0,0,"Cetuximab,Panitumumab(KRAS p.G12V)",Not_Provided,0.0,Not_Provided,Not_Provided,0,Not_Provided,RAS,0,0,0,1,0,6.52173913,0.411083611,0.125,0.414078879
Primary,Sigmoid Colon,Left,78,III,1,MSS,0.0,mCRC Primary,0,0,22.13333333,2.233333333,mod_diff,1,0,0,0,0,0,1,0,0,"Cetuximab,Panitumumab(KRAS p.G12V)","ado-trastuzumab emtansine,Trastuzumab+Pertuzumab,Lapatinib,Trastuzumab(ERBB2 Amplification)",0.0,"Lapatinib+Trastuzumab,Neratinib(ERBB2 Amplification)",LEVEL_2B,2,Not_Provided,RAS,1,1,0,1,0,5.072463768,0.075946267,0.75,0.529490028
Metastasis,Descending Colon,Left,56,IV,1,MSS,1.44,mCRC Metastasis,1,1,0.0,30.73333333,mod_diff,1,0,0,0,0,0,0,0,0,"Cetuximab,Panitumumab(KRAS p.G12C)",Not_Provided,0.0,Not_Provided,Not_Provided,0,Not_Provided,RAS,1,1,0,1,0,4.347826087,0.236644968,0.0,0.338410476
Metastasis,Rectum,Left,40,III,1,MSS,0.49,mCRC Metastasis,1,1,3.8,28.6,mod_diff,1,0,0,0,0,0,0,0,0,"Cetuximab,Panitumumab(NRAS p.Q61K)",Not_Provided,0.0,"Binimetinib+Ribociclib,Selumetinib+Radioiodine Uptake Therapy,Binimetinib(NRAS p.Q61K)",LEVEL_3B,1,Not_Provided,RAS,1,1,0,1,0,3.333333333,0.236157084,0.0,0.404584971
Primary,Sigmoid Colon,Left,54,IV,1,MSS,0.17,mCRC Primary,0,0,0.0,2.266666667,Not_Provided,1,0,1,0,0,0,0,0,0,"Cetuximab,Panitumumab(KRAS p.G12V)",Not_Provided,0.0,Not_Provided,Not_Provided,0,Not_Provided,RAS,1,1,0,1,0,3.623188406,0.039320832,0.25,0.406404215
Metastasis,Rectosigmoid,Left,44,IV,0,MSS,0.85,mCRC Metastasis,1,1,0.0,34.23333333,mod-poorly-diff,1,0,0,0,0,0,0,0,0,"Cetuximab,Panitumumab(KRAS p.G13D)",Not_Provided,0.0,Not_Provided,Not_Provided,0,Not_Provided,RAS,1,1,0,1,0,3.623188406,0.426675564,0.666666667,0.478069194
Primary,Splenic Flexure,Left,44,IV,0,MSS,0.09,mCRC Primary,0,0,0.0,4.3,Not_Provided,1,0,1,0,0,0,0,0,0,"Cetuximab,Panitumumab(KRAS p.A146T)",Not_Provided,0.0,Not_Provided,Not_Provided,0,Not_Provided,RAS,1,1,0,1,0,4.166666667,0.089597642,0.25,0.371703449
Metastasis,Cecum,Right,59,IV,1,MSS,0.29,mCRC Metastasis,0,0,0.0,4.833333333,Not_Provided,1,1,0,0,0,0,1,0,0,"Cetuximab,Panitumumab(KRAS p.G12V)",Not_Provided,0.0,Not_Provided,Not_Provided,0,Not_Provided,RAS,1,1,0,1,0,5.833333333,0.131843986,0.166666667,0.622453273
Primary,Sigmoid Colon,Left,53,IV,1,MSS,0.0,mCRC Primary,0,0,0.0,20.66666667,mod-poorly-diff,1,0,1,0,0,0,0,0,0,"Cetuximab,Panitumumab(KRAS p.G13D)",Not_Provided,0.0,Not_Provided,Not_Provided,0,Not_Provided,RAS,1,1,0,1,0,2.173913043,0.000578738,0.5,0.377337061
Metastasis,Cecum,Right,57,IV,0,MSS,1.1,mCRC Metastasis,0,1,0.0,6.7,mod_diff,1,0,0,1,0,0,0,1,0,"Cetuximab,Panitumumab(KRAS p.G12A)",Not_Provided,0.0,alpelisib(PIK3CA p.E545K),LEVEL_3B,1,Not_Provided,PI3k_RAS,1,1,0,1,0,5.797101449,0.30012111,0.142857143,0.396910101
Metastasis,Sigmoid Colon,Left,76,IV,1,MSS,2.64,mCRC Metastasis,1,1,0.0,44.96666667,mod_diff,1,1,1,0,0,0,0,0,0,"Cetuximab,Panitumumab(KRAS p.G12C)",Not_Provided,0.0,Not_Provided,Not_Provided,0,Not_Provided,RAS,1,1,0,1,0,5.833333333,0.512064514,0.166666667,0.408203774
Metastasis,Sigmoid Colon,Left,52,I,1,MSS,1.16,mCRC Metastasis,0,0,118.1666667,22.53333333,Not_Provided,1,1,0,0,0,0,0,0,0,"Cetuximab,Panitumumab(KRAS p.G12D)",Not_Provided,0.0,Not_Provided,Not_Provided,0,Not_Provided,RAS,1,1,0,1,0,2.5,0.277920181,0.0,0.566591682
Primary,Ascending Colon,Right,60,II,1,MSS,0.0,mCRC Primary,0,1,4.333333333,1.7,mod-poorly-diff,1,0,0,0,0,0,0,0,0,"Cetuximab,Panitumumab(KRAS p.G12V)",Not_Provided,0.0,alpelisib(PIK3CA p.Q546P),LEVEL_3B,1,Not_Provided,PI3k_RAS,1,1,0,1,0,6.52173913,0.228561596,0.5,0.509104471
Primary,Cecum,Right,58,IV,0,MSS,0.98,mCRC Primary,0,1,0.0,14.9,mod-poorly-diff,1,0,0,0,0,0,0,0,0,"Cetuximab,Panitumumab(KRAS p.A146T)",Not_Provided,0.0,alpelisib(PIK3CA p.R108H),LEVEL_3B,1,Not_Provided,PI3k_RAS,1,1,0,1,0,10.14492754,0.256627034,0.166666667,0.444198462
Primary,Rectum,Left,69,IV,1,MSS,0.63,mCRC Primary,1,1,0.0,16.86666667,mod_diff,1,0,0,0,0,0,0,0,0,"Cetuximab,Panitumumab(NRAS p.G12D)",Not_Provided,0.0,"Binimetinib+Ribociclib,Selumetinib+Radioiodine Uptake Therapy,Binimetinib(NRAS p.G12D)",LEVEL_3B,1,Not_Provided,RAS,1,1,0,1,0,4.347826087,0.153806098,0.0,0.356778759
Primary,Ascending Colon,Right,57,IV,0,MSS,0.07,mCRC Primary,1,0,0.0,12.73333333,mod_diff,1,0,0,0,0,0,0,0,0,"Cetuximab,Panitumumab(KRAS p.G12V)",Not_Provided,0.0,alpelisib(PIK3CA p.E542K),LEVEL_3B,1,Not_Provided,PI3k_RAS,1,1,0,1,0,6.52173913,0.030001423,0.285714286,0.440658208
Metastasis,Rectum,Left,46,IV,0,MSS,0.17,mCRC Metastasis,1,1,0.0,4.066666667,poorly-diff,1,0,0,0,0,0,0,0,0,"Cetuximab,Panitumumab(KRAS p.G12D)",Not_Provided,0.0,Not_Provided,Not_Provided,0,Not_Provided,RAS,1,1,0,1,0,5.072463768,0.100918988,0.166666667,0.409262554
Metastasis,Rectum,Left,61,IV,1,MSS,3.0,mCRC Metastasis,1,0,0.0,7.6,Not_Provided,1,1,0,0,0,0,0,0,0,"Cetuximab,Panitumumab(KRAS p.G13D)",Not_Provided,0.0,Not_Provided,Not_Provided,0,Not_Provided,RAS,0,0,0,0,0,2.898550725,0.217919769,0.0,0.481178574
Metastasis,Sigmoid Colon,Left,57,III,0,MSS,0.29,mCRC Metastasis,1,1,18.86666667,32.23333333,Not_Provided,1,0,0,0,0,0,0,0,0,"Cetuximab,Panitumumab(KRAS p.G12S)",Not_Provided,0.0,alpelisib(PIK3CA p.Q546K),LEVEL_3B,1,Not_Provided,PI3k_RAS,1,1,0,1,0,5.072463768,0.011910958,0.166666667,0.398159997
Metastasis,Cecum,Right,68,IV,0,MSS,0.0,mCRC Metastasis,1,1,0.0,47.46666667,mod_diff,1,0,0,0,0,0,0,0,0,"Cetuximab,Panitumumab(KRAS p.G12V)",Not_Provided,0.0,alpelisib(PIK3CA p.H1047R),LEVEL_3B,1,Not_Provided,PI3k_RAS,1,1,0,1,0,5.797101449,0.023497928,0.333333333,0.473709206
Metastasis,Rectum,Left,41,IV,1,MSS,0.5,mCRC Metastasis,1,1,0.0,13.86666667,mod_diff,1,0,0,0,0,0,0,0,0,"Cetuximab,Panitumumab(KRAS p.G12R)",Not_Provided,0.0,Not_Provided,Not_Provided,0,Not_Provided,PI3k_RAS,1,1,0,1,0,5.797101449,0.219405341,0.333333333,0.452930698
Metastasis,Rectum,Left,57,IV,1,MSS,1.99,mCRC Metastasis,1,1,0.0,179.2666667,mod_diff,1,0,0,0,0,0,0,0,0,"Cetuximab,Panitumumab(KRAS p.G12D)",Not_Provided,0.0,alpelisib(PIK3CA p.E545K),LEVEL_3B,1,Not_Provided,PI3k_RAS,1,1,0,1,0,4.347826087,0.181895559,0.0,0.75504101
Primary,Rectum,Left,69,IV,1,MSS,0.47,mCRC Primary,1,0,0.0,18.33333333,mod_diff,1,0,0,0,0,0,0,0,0,"Cetuximab,Panitumumab(KRAS p.G13D)",Not_Provided,0.0,Not_Provided,Not_Provided,0,Not_Provided,RAS,1,1,0,1,0,3.623188406,0.300698765,0.25,0.475060231
Primary,Rectum,Left,53,IV,0,MSS,0.07,mCRC Primary,1,0,0.0,33.33333333,mod-poorly-diff,1,0,0,0,0,0,0,0,0,"Cetuximab,Panitumumab(KRAS p.G13D)",Not_Provided,0.0,Not_Provided,Not_Provided,0,Not_Provided,PI3k_RAS,0,0,0,0,0,7.971014493,0.238510722,0.571428571,0.492761765
Primary,Ascending Colon,Right,53,IV,0,MSS,1.77,mCRC Primary,0,1,0.0,2.466666667,mod_diff,1,0,0,0,0,0,0,0,0,"Cetuximab,Panitumumab(KRAS p.A146V)",Not_Provided,0.0,Not_Provided,Not_Provided,0,Not_Provided,RAS,1,1,0,1,0,5.072463768,0.450267946,0.4,0.403793453
Metastasis,Hepatic Flexure,Right,72,IV,1,MSS,0.97,mCRC Metastasis,1,0,0.0,13.4,mod_diff,1,0,0,0,0,0,0,0,0,"Cetuximab,Panitumumab(KRAS p.G12V)",Not_Provided,0.0,Not_Provided,Not_Provided,0,Not_Provided,PI3k_RAS,1,1,0,1,0,5.797101449,0.247688229,0.333333333,0.385491718
Primary,Sigmoid Colon,Left,51,IV,0,MSS,1.48,mCRC Primary,0,0,0.0,29.0,mod_diff,1,0,0,0,0,0,0,0,0,"Cetuximab,Panitumumab(KRAS p.G12S)",Not_Provided,0.0,Not_Provided,Not_Provided,0,Not_Provided,RAS,1,1,0,1,0,5.072463768,0.197755715,0.4,0.445105128
Primary,Rectum,Left,33,III,1,MSI,23.97,mCRC Primary,1,0,21.96666667,1.033333333,Not_Provided,1,0,0,0,0,0,0,0,0,"Cetuximab,Panitumumab(KRAS p.G12A)",Not_Provided,0.0,alpelisib(PIK3CA p.H1047R),LEVEL_3B,1,Not_Provided,PI3k_RAS,0,0,0,0,1,37.68115942,0.007121819,0.333333333,0.600513089
Metastasis,Cecum,Right,48,IV,1,MSS,0.41,mCRC Metastasis,1,1,0.0,59.76666667,mod_diff,1,0,0,0,0,0,0,0,0,"Cetuximab,Panitumumab(KRAS p.G13D)",Not_Provided,0.0,alpelisib(PIK3CA p.E545K),LEVEL_3B,1,Not_Provided,PI3k_RAS,1,1,0,1,0,7.971014493,0.327107965,0.0,0.430155618
Metastasis,Cecum,Right,57,IV,0,MSS,0.37,mCRC Metastasis,0,1,0.0,47.36666667,mod_diff,1,0,0,0,0,0,0,0,0,"Cetuximab,Panitumumab(KRAS p.G12D)",Not_Provided,0.0,Not_Provided,Not_Provided,0,Not_Provided,RAS,1,1,0,1,0,8.695652174,0.019058514,0.2,0.369274723
Primary,Descending Colon,Left,34,IV,0,MSS,0.14,mCRC Primary,1,1,0.0,7.233333333,mod_diff,1,0,0,0,0,0,0,0,0,"Cetuximab,Panitumumab(KRAS p.G12D)",Not_Provided,0.0,Not_Provided,Not_Provided,0,Not_Provided,RAS,1,1,0,1,0,6.52173913,6.41e-06,0.25,0.488040701
Primary,Sigmoid Colon,Left,63,IV,0,MSS,0.11,mCRC Primary,0,1,0.0,9.5,mod-poorly-diff,1,0,0,0,0,0,0,0,0,"Cetuximab,Panitumumab(KRAS p.Q61H)",Not_Provided,0.0,Not_Provided,Not_Provided,0,Not_Provided,RAS,1,1,0,1,0,5.0,0.148581121,0.2,0.312559897
Metastasis,Ascending Colon,Right,67,III,1,MSS,0.3,mCRC Metastasis,1,1,12.16666667,1.9,mod_diff,1,0,0,0,0,0,0,0,0,"Cetuximab,Panitumumab(KRAS p.A146T)",Not_Provided,0.0,Not_Provided,Not_Provided,0,Not_Provided,RAS,1,1,0,1,0,7.246376812,0.119981376,0.25,0.479923448
Metastasis,Rectum,Left,33,IV,1,MSS,1.34,mCRC Metastasis,1,1,0.0,32.43333333,Not_Provided,1,0,0,0,0,0,0,0,0,"Cetuximab,Panitumumab(KRAS p.G12D)",Not_Provided,0.0,Not_Provided,Not_Provided,0,Not_Provided,RAS,1,1,0,1,0,6.52173913,0.338038408,0.285714286,0.532597024
Primary,Cecum,Right,58,IV,0,MSS,0.5,mCRC Primary,0,1,0.0,15.1,poorly-diff,1,0,0,0,0,0,0,0,0,"Cetuximab,Panitumumab(KRAS p.G12D)","ado-trastuzumab emtansine,Trastuzumab+Pertuzumab,Lapatinib,Trastuzumab(ERBB2 Amplification)",0.0,"Lapatinib+Trastuzumab,Neratinib(ERBB2 Amplification)",LEVEL_2B,2,Not_Provided,RAS,1,1,0,1,0,5.833333333,0.097101104,0.0,0.447810114
Primary,Cecum,Right,51,IV,0,MSS,1.95,mCRC Primary,0,0,0.0,9.3,Not_Provided,1,0,1,0,0,0,1,0,0,"Cetuximab,Panitumumab(KRAS p.A146T)",Olaparib(BRCA2 p.L1545Rfs*3),0.0,Not_Provided,LEVEL_2B,1,Not_Provided,RAS,1,1,0,1,0,5.072463768,0.24921765,0.4,0.420696592
Metastasis,Cecum,Right,69,III,0,MSS,3.68,mCRC Metastasis,1,0,40.0,1.433333333,mod_diff,1,1,0,0,0,0,0,0,0,"Cetuximab,Panitumumab(KRAS p.G12D)",Not_Provided,0.0,Not_Provided,Not_Provided,0,Not_Provided,RAS,1,1,0,1,0,6.52173913,0.621675671,0.0,0.507287284
Primary,Transverse Colon,Right,69,IV,0,MSS,0.0,mCRC Primary,0,0,0.0,5.966666667,poorly-diff,1,0,0,0,0,0,0,0,0,"Cetuximab,Panitumumab(KRAS p.G12C)",Not_Provided,0.0,Not_Provided,Not_Provided,0,Not_Provided,RAS,1,1,0,1,0,7.971014493,0.154012385,0.222222222,0.38406401
Primary,Cecum,Right,51,IV,0,MSS,0.09,mCRC Primary,1,1,0.0,22.26666667,mod_diff,1,0,0,0,0,0,0,0,0,"Cetuximab,Panitumumab(KRAS p.G12D)",Not_Provided,0.0,Not_Provided,Not_Provided,0,Not_Provided,RAS,1,1,0,1,0,8.333333333,0.085919148,0.25,0.486397625
Metastasis,Sigmoid Colon,Left,72,IV,1,MSS,0.0,mCRC Metastasis,0,1,0.0,3.833333333,Not_Provided,1,0,0,0,0,0,0,0,0,"Cetuximab,Panitumumab(KRAS p.G12A)",Not_Provided,0.0,Not_Provided,Not_Provided,0,Not_Provided,RAS,1,1,0,1,0,4.347826087,0.080998398,0.2,0.572875026
Primary,Rectum,Left,82,IV,1,MSS,0.09,mCRC Primary,0,0,0.0,21.76666667,Not_Provided,1,0,0,0,0,0,0,0,0,"Cetuximab,Panitumumab(NRAS p.G12C)",Not_Provided,0.0,"Binimetinib+Ribociclib,Selumetinib+Radioiodine Uptake Therapy,Binimetinib(NRAS p.G12C)",LEVEL_3B,1,Not_Provided,RAS,1,1,0,1,0,5.072463768,0.069824814,0.166666667,0.478301164
Primary,Cecum,Right,35,IV,1,MSS,0.45,mCRC Primary,0,0,0.0,16.13333333,mod_diff,1,1,0,0,0,0,0,0,0,"Cetuximab,Panitumumab(KRAS p.G12V)",Not_Provided,0.0,Not_Provided,Not_Provided,0,Not_Provided,PI3k_RAS,1,1,0,1,0,5.072463768,0.216813519,0.0,0.437191931
Metastasis,Rectosigmoid,Left,55,IV,1,MSS,1.15,mCRC Metastasis,0,0,0.0,2.233333333,Not_Provided,1,0,0,0,0,0,0,0,0,"Cetuximab,Panitumumab(KRAS p.G12A)",Not_Provided,0.0,Not_Provided,Not_Provided,0,Not_Provided,RAS,1,1,0,1,0,7.971014493,0.199240719,0.222222222,0.824139639
Primary,Sigmoid Colon,Left,50,IV,1,MSS,1.07,mCRC Primary,0,0,0.0,42.06666667,mod_diff,1,0,1,0,0,0,1,0,0,"Cetuximab,Panitumumab(KRAS p.G12R)",Not_Provided,0.0,Not_Provided,Not_Provided,0,Not_Provided,RAS,1,1,0,1,0,6.666666667,0.167751142,0.142857143,0.523127589
Metastasis,Cecum,Right,53,IV,0,MSS,1.22,mCRC Metastasis,1,1,0.0,6.166666667,mod_diff,1,0,0,0,0,0,0,0,0,"Cetuximab,Panitumumab(KRAS p.Q61H)",Not_Provided,0.0,Not_Provided,Not_Provided,0,Not_Provided,PI3k_RAS,1,1,0,1,0,5.797101449,0.163234961,0.333333333,0.585176021
Metastasis,Sigmoid Colon,Left,32,IV,1,MSS,2.37,mCRC Metastasis,0,0,0.0,2.5,Not_Provided,1,1,1,0,0,0,0,0,0,"Cetuximab,Panitumumab(KRAS p.G12S)",Not_Provided,0.0,Not_Provided,Not_Provided,0,Not_Provided,RAS,1,1,0,1,0,7.971014493,0.371262095,0.375,0.336235474
Primary,Sigmoid Colon,Left,48,IV,0,MSS,0.48,mCRC Primary,1,1,0.0,11.46666667,mod_diff,1,0,0,0,0,0,0,0,0,"Cetuximab,Panitumumab(KRAS p.G12D)",Not_Provided,0.0,alpelisib(PIK3CA p.H1047R),LEVEL_3B,1,Not_Provided,PI3k_RAS,1,1,0,1,0,4.166666667,0.036635378,0.25,0.442794212
Metastasis,Sigmoid Colon,Left,73,IV,0,MSS,0.15,mCRC Metastasis,0,0,0.0,5.833333333,Not_Provided,1,0,1,0,0,0,0,0,0,"Cetuximab,Panitumumab(KRAS p.G12V)",Not_Provided,0.0,Not_Provided,Not_Provided,0,Not_Provided,RAS,1,1,0,1,0,3.623188406,0.099693404,0.25,0.292533554
Primary,Rectum,Left,57,IV,1,MSS,0.12,mCRC Primary,0,0,0.0,7.166666667,Not_Provided,1,0,0,0,0,0,0,0,0,"Cetuximab,Panitumumab(KRAS p.G12D)",Not_Provided,0.0,Not_Provided,Not_Provided,0,Not_Provided,RAS,1,1,0,1,0,2.5,0.044099802,0.5,0.305966382
Metastasis,Cecum,Right,55,IV,1,MSS,2.89,mCRC Metastasis,0,0,0.0,1.733333333,Not_Provided,1,0,1,0,1,0,0,0,0,"Cetuximab,Panitumumab(NRAS p.Q61K)",Not_Provided,0.0,"Binimetinib+Ribociclib,Selumetinib+Radioiodine Uptake Therapy,Binimetinib(NRAS p.Q61K);Cobimetinib,Trametinib,Selumetinib(MAP2K1 p.G128V)",LEVEL_3B,2,Not_Provided,RAS,1,1,0,1,0,6.52173913,0.543540565,0.25,0.486519121
Metastasis,Rectosigmoid,Left,39,III,1,MSS,2.8,mCRC Metastasis,1,1,19.06666667,0.866666667,Not_Provided,1,0,0,0,0,0,0,0,0,"Cetuximab,Panitumumab(KRAS p.G13D)",Not_Provided,0.0,Not_Provided,Not_Provided,0,Not_Provided,RAS,1,1,0,1,0,6.52173913,0.294832072,0.125,0.460572606
Metastasis,Rectum,Left,42,IV,1,MSS,0.0,mCRC Metastasis,1,1,0.0,14.73333333,mod_diff,1,0,0,0,0,0,0,0,0,"Cetuximab,Panitumumab(KRAS p.G12D)",Not_Provided,0.0,Not_Provided,Not_Provided,0,Not_Provided,RAS,1,1,0,1,0,1.449275362,5.66e-05,0.0,0.468919141
Primary,Rectosigmoid,Left,61,IV,1,MSS,3.13,mCRC Primary,0,1,0.0,63.03333333,mod_diff,1,0,0,0,0,0,0,0,0,"Cetuximab,Panitumumab(KRAS p.G13D)",Not_Provided,0.0,Not_Provided,Not_Provided,0,Not_Provided,RAS,1,1,0,1,0,1.666666667,0.189711277,1.0,0.843286762
Metastasis,Sigmoid Colon,Left,67,IV,0,MSS,1.45,mCRC Metastasis,1,1,0.0,44.9,mod_diff,1,1,0,0,0,0,0,0,0,"Cetuximab,Panitumumab(KRAS p.G12C)",Everolimus(TSC1 p.N891Kfs*13),0.0,Not_Provided,LEVEL_2B,1,Not_Provided,PI3k_RAS,1,1,0,1,0,5.072463768,0.183435893,0.4,0.458019804
Primary,Rectosigmoid,Left,22,IV,1,MSS,0.09,mCRC Primary,0,0,0.0,4.733333333,Not_Provided,1,0,0,0,0,0,1,0,0,"Cetuximab,Panitumumab(KRAS p.G12D)",Not_Provided,0.0,Not_Provided,Not_Provided,0,Not_Provided,RAS,1,1,0,1,0,2.898550725,0.116889908,1.0,0.617021675
Primary,Ascending Colon,Right,77,III,1,MSS,0.39,mCRC Primary,0,0,2.366666667,8.466666667,mod_diff,1,0,0,0,0,0,0,0,0,"Cetuximab,Panitumumab(KRAS p.G12D)",Not_Provided,0.0,Not_Provided,Not_Provided,0,Not_Provided,RAS,1,1,0,1,0,10.83333333,0.361915112,0.181818182,0.33320468
Metastasis,Transverse Colon,Right,59,II,1,MSS,0.86,mCRC Metastasis,1,1,49.1,28.1,Not_Provided,1,0,0,0,0,0,1,0,0,"Cetuximab,Panitumumab(KRAS p.G13D)",Not_Provided,0.0,Not_Provided,Not_Provided,0,Not_Provided,RAS,1,1,0,1,0,5.0,0.528413573,0.0,0.624395635
Metastasis,Ascending Colon,Right,49,IV,0,MSS,0.27,mCRC Metastasis,1,0,0.0,32.2,mod-poorly-diff,1,0,0,0,0,0,0,0,0,"Cetuximab,Panitumumab(KRAS p.G12C)",Not_Provided,0.0,Not_Provided,Not_Provided,0,Not_Provided,RAS,1,1,0,1,0,6.666666667,0.198014365,0.333333333,0.336890108
Metastasis,Ascending Colon,Right,62,III,0,MSS,0.15,mCRC Metastasis,1,1,25.43333333,5.133333333,Not_Provided,1,0,0,0,0,0,0,0,0,"Cetuximab,Panitumumab(KRAS p.G12A)",Not_Provided,0.0,Not_Provided,Not_Provided,0,Not_Provided,RAS,1,1,0,1,0,3.623188406,0.04239058,1.5,0.315674924
Primary,Sigmoid Colon,Left,58,IV,0,MSS,0.61,mCRC Primary,0,0,0.0,13.46666667,poorly-diff,1,0,0,0,0,0,0,0,0,"Cetuximab,Panitumumab(KRAS p.G12D)",Not_Provided,0.0,Not_Provided,Not_Provided,0,Not_Provided,RAS,1,1,0,1,0,5.797101449,0.239270446,0.142857143,0.471786398
Primary,Sigmoid Colon,Left,39,IV,1,MSS,0.07,mCRC Primary,0,0,0.0,7.033333333,mod_diff,1,0,0,0,0,0,0,0,0,"Cetuximab,Panitumumab(KRAS p.G12V)",Not_Provided,0.0,Not_Provided,Not_Provided,0,Not_Provided,RAS,1,1,0,1,0,2.898550725,0.048972852,0.333333333,0.388553387
Metastasis,Sigmoid Colon,Left,46,IV,0,MSS,0.12,mCRC Metastasis,0,0,0.0,1.6,Not_Provided,1,0,1,0,1,0,0,0,0,"Cetuximab,Panitumumab(KRAS p.G12D)",Not_Provided,0.0,alpelisib(PIK3CA p.H1047R),LEVEL_3B,1,Not_Provided,PI3k_RAS,1,1,0,1,0,6.535947712,0.047730418,0.111111111,0.567551332
Primary,Sigmoid Colon,Left,60,IV,0,MSS,0.87,mCRC Primary,0,0,0.0,1.7,Not_Provided,1,0,1,0,0,0,0,0,0,"Cetuximab,Panitumumab(KRAS p.G12D)",Not_Provided,0.0,Not_Provided,Not_Provided,0,Not_Provided,RAS,1,1,0,1,0,4.347826087,0.175564559,1.0,0.41750642
Primary,Rectosigmoid,Left,56,III,1,MSS,0.44,mCRC Primary,0,0,15.86666667,1.8,mod_diff,1,0,0,0,0,0,0,0,0,"Cetuximab,Panitumumab(KRAS p.Q61R)",Not_Provided,0.0,Not_Provided,Not_Provided,0,Not_Provided,RAS,1,1,0,1,0,2.898550725,0.314159326,0.0,0.499177432
Primary,Ascending Colon,Right,44,IV,0,MSS,0.0,mCRC Primary,1,1,0.0,12.2,mod_diff,1,1,0,0,0,0,1,1,0,"Cetuximab,Panitumumab(KRAS p.G12V)",Not_Provided,0.0,Not_Provided,Not_Provided,0,Not_Provided,RAS,1,1,0,1,0,0.833333333,0.043089755,0.0,0.378289474
Primary,Rectosigmoid,Left,33,IV,0,MSS,1.09,mCRC Primary,1,1,0.0,9.233333333,mod_diff,1,0,0,0,0,0,0,0,0,"Cetuximab,Panitumumab(KRAS p.G13D)",Not_Provided,0.0,Not_Provided,Not_Provided,0,Not_Provided,RAS,1,1,0,1,0,6.52173913,0.210964332,0.285714286,0.431235625
Metastasis,Cecum,Right,47,IV,1,MSS,0.56,mCRC Metastasis,1,1,0.0,34.2,mod_diff,1,0,0,0,0,0,0,0,0,"Cetuximab,Panitumumab(KRAS p.G12D)",Not_Provided,0.0,Not_Provided,Not_Provided,0,Not_Provided,RAS,1,1,0,1,0,6.52173913,0.077723259,0.5,0.353170032
Metastasis,Cecum,Right,59,IV,1,MSS,0.49,mCRC Metastasis,1,0,0.0,40.26666667,mod_diff,1,0,0,0,0,0,0,0,0,"Cetuximab,Panitumumab(KRAS p.G13D)",Not_Provided,0.0,Not_Provided,Not_Provided,0,Not_Provided,PI3k_RAS,1,1,0,1,0,7.246376812,0.434286318,0.111111111,0.373781322
Primary,Rectum,Left,53,IV,0,MSS,0.62,mCRC Primary,1,0,0.0,23.2,mod-poorly-diff,1,0,0,0,0,0,0,0,0,"Cetuximab,Panitumumab(KRAS p.G13D)",Not_Provided,0.0,Not_Provided,Not_Provided,0,Not_Provided,RAS,1,1,0,1,0,8.695652174,0.239499876,0.5,0.408294964
Primary,Rectum,Left,48,III,1,MSS,0.24,mCRC Primary,1,0,14.73333333,1.2,poorly-diff,1,1,0,1,0,1,0,0,0,"Cetuximab,Panitumumab(KRAS p.A146T)",Not_Provided,0.0,Not_Provided,Not_Provided,0,Not_Provided,RAS,1,1,0,1,0,4.347826087,0.004131467,0.2,0.363107542
Metastasis,Rectum,Left,50,IV,1,MSS,0.09,mCRC Metastasis,1,0,0.0,28.26666667,Not_Provided,1,0,1,0,0,0,0,0,0,"Cetuximab,Panitumumab(KRAS p.G12S)",Not_Provided,0.0,Not_Provided,Not_Provided,0,Not_Provided,RAS,1,1,0,1,0,2.898550725,0.010451158,1.0,0.312926358
Metastasis,Rectum,Left,67,II,1,MSS,0.15,mCRC Metastasis,1,1,13.03333333,9.6,mod_diff,1,0,0,0,0,0,0,0,0,"Cetuximab,Panitumumab(KRAS p.G12V)",Not_Provided,0.0,alpelisib(PIK3CA p.E545K),LEVEL_3B,1,Not_Provided,PI3k_RAS,1,1,0,1,0,5.072463768,0.063010375,0.166666667,0.382396363
Metastasis,Cecum,Right,66,IV,0,MSS,0.89,mCRC Metastasis,0,0,0.0,17.2,Not_Provided,1,0,0,0,0,0,0,0,0,"Cetuximab,Panitumumab(KRAS p.G13D)",Not_Provided,0.0,Not_Provided,Not_Provided,0,Not_Provided,PI3k_RAS,1,1,0,1,0,4.347826087,0.345714235,0.0,0.48759603
Metastasis,Descending Colon,Left,71,IV,0,MSS,0.84,mCRC Metastasis,1,1,0.0,165.8666667,mod_diff,1,0,0,0,0,0,0,0,0,"Cetuximab,Panitumumab(KRAS p.G12D)",Not_Provided,0.0,Not_Provided,Not_Provided,0,Not_Provided,RAS,1,1,0,1,0,8.695652174,0.072915009,0.090909091,0.34031415
Metastasis,Ascending Colon,Right,33,IV,1,MSS,1.18,mCRC Metastasis,0,0,0.0,1.866666667,Not_Provided,1,1,1,0,0,1,0,0,0,"Cetuximab,Panitumumab(KRAS p.G12S)","ado-trastuzumab emtansine,Trastuzumab+Pertuzumab,Lapatinib,Trastuzumab(ERBB2 Amplification)",0.0,"Lapatinib+Trastuzumab,Neratinib(ERBB2 Amplification)",LEVEL_2B,2,Not_Provided,RAS,1,1,0,1,0,5.072463768,0.647663161,0.166666667,0.359824263
Primary,Cecum,Right,44,III,1,MSS,0.6,mCRC Primary,0,0,16.06666667,5.8,mod_diff,1,0,0,0,0,0,1,0,0,"Cetuximab,Panitumumab(KRAS p.G13D)",Not_Provided,0.0,Not_Provided,Not_Provided,0,Not_Provided,RAS,1,1,0,1,0,8.333333333,0.164982999,0.111111111,0.36029325
Primary,Descending Colon,Left,53,IV,0,MSS,0.89,mCRC Primary,0,1,0.0,5.8,mod_diff,1,0,0,0,0,0,0,0,0,"Cetuximab,Panitumumab(KRAS p.G12V)",Not_Provided,0.0,Not_Provided,Not_Provided,0,Not_Provided,RAS,1,1,0,1,0,4.166666667,0.179233059,0.0,0.846135637
Primary,Splenic Flexure,Left,47,IV,0,MSS,0.54,mCRC Primary,1,0,0.0,3.0,mod_diff,1,0,0,0,0,0,0,0,0,"Cetuximab,Panitumumab(NRAS p.G12C)",Not_Provided,0.0,"Binimetinib+Ribociclib,Selumetinib+Radioiodine Uptake Therapy,Binimetinib(NRAS p.G12C)",LEVEL_3B,1,Not_Provided,RAS,1,1,0,1,0,3.623188406,0.111813439,0.25,0.563914303
Primary,Cecum,Right,71,III,0,MSS,0.24,mCRC Primary,0,0,12.1,4.066666667,mod_diff,1,0,0,0,0,0,0,0,0,"Cetuximab,Panitumumab(KRAS p.A146T)",Not_Provided,0.0,Not_Provided,Not_Provided,0,Not_Provided,RAS,1,1,0,1,0,7.246376812,0.096143247,0.25,0.528451799
Metastasis,Cecum,Right,70,IV,1,MSS,0.45,mCRC Metastasis,1,0,0.0,6.533333333,Not_Provided,1,0,1,0,0,0,0,0,1,"Cetuximab,Panitumumab(KRAS p.G12D)",Not_Provided,0.0,Not_Provided,Not_Provided,0,Not_Provided,RAS,1,1,0,1,0,5.797101449,0.149501423,1.0,0.391765918
Primary,Sigmoid Colon,Left,67,IV,1,MSS,0.3,mCRC Primary,0,0,0.0,42.13333333,mod-poorly-diff,1,0,0,0,0,0,0,0,0,"Cetuximab,Panitumumab(KRAS p.G13D)",Not_Provided,0.0,Not_Provided,Not_Provided,0,Not_Provided,RAS,1,1,0,1,0,6.666666667,0.149163711,0.333333333,0.414369277
Primary,Rectosigmoid,Left,33,IV,1,MSS,0.0,mCRC Primary,1,1,0.0,39.76666667,poorly-diff,1,0,0,0,0,0,0,0,0,"Cetuximab,Panitumumab(KRAS p.G12C)",Not_Provided,0.0,alpelisib(PIK3CA p.R108H),LEVEL_3B,1,Not_Provided,PI3k_RAS,1,1,0,1,0,2.173913043,0.036591111,0.0,0.397304301
Metastasis,Transverse Colon,Left,45,IV,1,MSS,0.0,mCRC Metastasis,1,0,0.0,32.7,mod_diff,1,0,0,0,0,0,0,0,0,"Cetuximab,Panitumumab(KRAS p.G12V)",Not_Provided,0.0,alpelisib(PIK3CA p.E545K),LEVEL_3B,1,Not_Provided,PI3k_RAS,1,1,0,1,0,2.898550725,0.004391515,0.0,0.393270421
Metastasis,Cecum,Right,44,III,0,MSS,1.0,mCRC Metastasis,1,1,13.1,6.666666667,mod_diff,1,0,0,0,0,0,0,0,0,"Cetuximab,Panitumumab(KRAS p.G13D)",Not_Provided,0.0,"AZD4547,Dovitinib(FGFR1 Amplification)",LEVEL_3B,1,Not_Provided,RAS,1,1,0,1,0,6.52173913,0.21381818,0.125,0.479103666
Primary,Ascending Colon,Right,52,IV,1,MSS,0.08,mCRC Primary,0,0,0.0,3.533333333,poorly-diff,1,1,0,0,0,0,1,0,0,"Cetuximab,Panitumumab(KRAS p.G12D)",Not_Provided,0.0,Not_Provided,Not_Provided,0,Not_Provided,RAS,1,1,0,1,0,4.347826087,0.005486439,0.2,0.43122449
Primary,Cecum,Right,68,IV,0,MSS,0.57,mCRC Primary,0,0,0.0,21.43333333,Not_Provided,1,1,0,0,0,0,0,0,0,"Cetuximab,Panitumumab(KRAS p.G12V)",Not_Provided,0.0,Not_Provided,Not_Provided,0,Not_Provided,RAS,1,1,0,1,0,7.5,0.111138365,0.125,0.507405384
Metastasis,Sigmoid Colon,Left,58,IV,1,MSS,1.21,mCRC Metastasis,1,1,0.0,103.0333333,mod_diff,1,0,0,0,0,0,0,0,0,"Cetuximab,Panitumumab(KRAS p.Q61H)",Not_Provided,0.0,Not_Provided,Not_Provided,0,Not_Provided,RAS,1,1,0,1,0,7.246376812,0.205181053,0.0,0.506100509
Metastasis,Ascending Colon,Right,46,IV,0,MSS,0.28,mCRC Metastasis,1,1,0.0,63.1,Not_Provided,1,0,0,0,0,0,0,0,0,"Cetuximab,Panitumumab(KRAS p.G13D)",Not_Provided,0.0,Not_Provided,Not_Provided,0,Not_Provided,RAS,1,1,0,1,0,5.072463768,4.84e-06,0.166666667,0.509619434
Primary,Sigmoid Colon,Left,47,IV,0,MSS,0.6,mCRC Primary,0,1,0.0,3.0,mod_diff,1,0,0,0,0,0,0,0,0,"Cetuximab,Panitumumab(KRAS p.G12V)",Not_Provided,0.0,Not_Provided,Not_Provided,0,Not_Provided,RAS,1,1,0,1,0,4.347826087,0.358796524,0.0,0.397273724
Metastasis,Rectum,Left,52,IV,0,MSS,0.42,mCRC Metastasis,1,1,0.0,69.86666667,mod_diff,1,0,0,0,0,0,0,0,0,"Cetuximab,Panitumumab(KRAS p.G12V)",Not_Provided,0.0,Not_Provided,Not_Provided,0,Not_Provided,RAS,1,1,0,1,0,4.166666667,0.123704613,0.25,0.506345314
Metastasis,Cecum,Right,72,IV,0,MSS,0.26,mCRC Metastasis,0,0,0.0,27.0,Not_Provided,1,0,0,0,0,0,1,0,0,"Cetuximab,Panitumumab(KRAS p.G12D)",Not_Provided,0.0,alpelisib(PIK3CA p.E545K),LEVEL_3B,1,Not_Provided,PI3k_RAS,1,1,0,1,0,7.5,0.272917337,0.125,0.474526621
Primary,Rectum,Left,84,IV,1,MSS,2.33,mCRC Primary,0,0,0.0,2.733333333,Not_Provided,1,1,1,0,0,0,0,0,0,"Cetuximab,Panitumumab(KRAS p.G12V)",Not_Provided,0.0,alpelisib(PIK3CA p.Q546P),LEVEL_3B,1,Not_Provided,PI3k_RAS,1,1,0,1,0,4.347826087,0.458624868,0.0,0.602477559
Metastasis,Rectum,Left,32,IV,0,MSS,1.69,mCRC Metastasis,1,0,0.0,16.2,mod_diff,1,0,0,1,0,0,1,0,0,"Cetuximab,Panitumumab(KRAS p.G13D)",Not_Provided,0.0,Not_Provided,Not_Provided,0,Not_Provided,RAS,1,1,0,1,0,2.173913043,0.758994206,0.0,0.552305413
Metastasis,Splenic Flexure,Left,66,IV,0,MSS,0.0,mCRC Metastasis,0,1,0.0,5.833333333,mod_diff,1,0,0,0,0,0,0,0,0,"Cetuximab,Panitumumab(KRAS p.K117N)",Not_Provided,0.0,alpelisib(PIK3CA p.E545K),LEVEL_3B,1,Not_Provided,PI3k_RAS,1,1,0,1,0,2.898550725,1.18e-05,0.0,0.445255462
Metastasis,Descending Colon,Left,51,II,0,MSS,0.19,mCRC Metastasis,0,1,18.83333333,43.96666667,mod_diff,1,0,0,0,0,0,0,0,0,"Cetuximab,Panitumumab(KRAS p.G12R)",Not_Provided,0.0,Not_Provided,Not_Provided,0,Not_Provided,RAS,1,1,0,1,0,3.623188406,0.052303586,0.0,0.319880079
Metastasis,Transverse Colon,Right,45,IV,0,MSS,0.22,mCRC Metastasis,1,0,0.0,18.5,mod_diff,1,0,0,0,0,0,0,0,0,"Cetuximab,Panitumumab(KRAS p.G13D)",Not_Provided,0.0,Not_Provided,Not_Provided,0,Not_Provided,RAS,1,1,0,1,0,4.347826087,0.037758269,0.2,0.33194281
Primary,Sigmoid Colon,Left,47,IV,0,MSS,0.55,mCRC Primary,0,1,0.0,78.4,mod_diff,1,0,0,0,0,0,0,0,0,"Cetuximab,Panitumumab(KRAS p.G12V)",Not_Provided,0.0,Not_Provided,Not_Provided,0,Not_Provided,RAS,1,1,0,1,0,3.333333333,0.383743755,0.0,0.457839609
Primary,Cecum,Right,80,III,0,MSS,0.54,mCRC Primary,0,0,10.56666667,20.03333333,mod_diff,1,0,0,0,0,0,0,0,0,"Cetuximab,Panitumumab(KRAS p.G12C)",Not_Provided,0.0,Not_Provided,Not_Provided,0,Not_Provided,PI3k_RAS,1,1,0,1,0,3.333333333,0.215097332,0.333333333,0.482389596
Primary,Cecum,Right,56,IV,0,MSS,0.23,mCRC Primary,1,0,0.0,8.066666667,mod_diff,1,0,1,0,0,0,1,0,0,"Cetuximab,Panitumumab(KRAS p.G13D)",Not_Provided,0.0,Not_Provided,Not_Provided,0,Not_Provided,RAS,1,1,0,1,0,7.246376812,0.000488969,0.428571429,0.416594752
Metastasis,Rectosigmoid,Left,46,IV,1,MSS,0.0,mCRC Metastasis,1,0,0.0,22.4,Not_Provided,1,1,1,0,0,0,0,0,0,"Cetuximab,Panitumumab(KRAS p.G12V)",Not_Provided,0.0,Not_Provided,Not_Provided,0,Not_Provided,RAS,1,1,0,1,0,2.173913043,0.037583494,0.0,0.503862061
Primary,Cecum,Right,66,IV,0,MSS,0.09,mCRC Primary,0,0,0.0,10.4,Not_Provided,1,0,0,0,0,0,0,0,0,"Cetuximab,Panitumumab(KRAS p.G12V)",Not_Provided,0.0,Not_Provided,Not_Provided,0,Not_Provided,PI3k_RAS,1,1,0,1,0,4.347826087,0.166548641,1.0,0.320803207
Primary,Ascending Colon,Right,74,IV,1,MSS,0.67,mCRC Primary,0,0,0.0,4.366666667,mod_diff,1,0,0,0,0,0,1,0,1,"Cetuximab,Panitumumab(KRAS p.G12D)",Not_Provided,0.0,Not_Provided,Not_Provided,0,Not_Provided,PI3k_RAS,1,1,0,1,0,4.347826087,0.240878242,0.0,0.335093332
Primary,Hepatic Flexure,Right,51,IV,1,MSS,0.16,mCRC Primary,0,1,0.0,2.866666667,mod-poorly-diff,1,0,0,0,0,0,0,0,0,"Cetuximab,Panitumumab(KRAS p.G13D)",Not_Provided,0.0,alpelisib(PIK3CA p.G106_R108del),LEVEL_3B,1,Not_Provided,PI3k_RAS,1,1,0,1,0,6.52173913,0.142419201,0.8,0.449113014
Metastasis,Ascending Colon,Right,51,IV,1,MSS,0.08,mCRC Metastasis,0,0,0.0,17.83333333,Not_Provided,1,0,0,0,0,0,0,0,0,"Cetuximab,Panitumumab(KRAS p.G12V)",Not_Provided,0.0,Not_Provided,Not_Provided,0,Not_Provided,RAS,1,1,0,1,0,6.52173913,0.0,0.0,0.487861746
Metastasis,Rectum,Left,43,IV,0,MSS,1.7,mCRC Metastasis,1,1,0.0,67.63333333,mod_diff,1,0,0,0,0,0,0,0,0,"Cetuximab,Panitumumab(NRAS p.G12D)",Not_Provided,0.0,"Binimetinib+Ribociclib,Selumetinib+Radioiodine Uptake Therapy,Binimetinib(NRAS p.G12D)",LEVEL_3B,1,Not_Provided,RAS,1,1,0,1,0,3.623188406,0.156582609,0.666666667,0.292901703
Primary,Cecum,Right,64,IV,0,MSS,0.0,mCRC Primary,1,1,0.0,11.36666667,mod_diff,1,0,0,0,0,0,0,0,0,"Cetuximab,Panitumumab(KRAS p.G12V)",Not_Provided,0.0,alpelisib(PIK3CA p.E542K),LEVEL_3B,1,Not_Provided,PI3k_RAS,1,1,0,1,0,4.347826087,0.026682937,0.5,0.327726277
Primary,Transverse Colon,Left,65,III,1,MSS,0.16,mCRC Primary,0,0,12.7,1.533333333,mod_diff,1,0,0,0,0,0,1,0,1,"Cetuximab,Panitumumab(KRAS p.G12D)",Not_Provided,0.0,Not_Provided,Not_Provided,0,Not_Provided,RAS,1,1,0,1,0,5.072463768,0.182202439,0.0,0.495532462
Primary,Rectum,Left,71,III,1,MSS,0.0,mCRC Primary,0,0,9.333333333,9.966666667,Not_Provided,1,0,0,0,0,0,0,0,0,"Cetuximab,Panitumumab(KRAS p.G12S)",Not_Provided,0.0,Not_Provided,Not_Provided,0,Not_Provided,RAS,1,1,0,1,0,2.173913043,0.032156041,0.5,0.319689948
Metastasis,Transverse Colon,Right,37,IV,1,MSS,0.64,mCRC Metastasis,0,0,0.0,4.666666667,Not_Provided,1,1,0,0,0,0,0,0,0,"Cetuximab,Panitumumab(KRAS p.A146T)",Not_Provided,0.0,alpelisib(PIK3CA p.R88Q),LEVEL_3B,1,Not_Provided,PI3k_RAS,1,1,0,1,0,5.797101449,0.283458206,0.333333333,0.561573384
Metastasis,Ascending Colon,Right,32,IV,0,MSS,1.41,mCRC Metastasis,1,0,0.0,55.0,mod_diff,1,0,1,0,0,0,0,0,0,"Cetuximab,Panitumumab(KRAS p.G13D)",Not_Provided,0.0,alpelisib(PIK3CA p.E542K),LEVEL_3B,1,Not_Provided,PI3k_RAS,1,1,0,1,0,5.072463768,0.188170798,0.75,0.520157338
Primary,Splenic Flexure,Left,34,IV,1,MSS,0.45,mCRC Primary,0,0,0.0,18.7,mod_diff,1,0,0,0,0,0,0,0,0,"Cetuximab,Panitumumab(NRAS p.Q61K)",Not_Provided,0.0,"Binimetinib+Ribociclib,Selumetinib+Radioiodine Uptake Therapy,Binimetinib(NRAS p.Q61K)",LEVEL_3B,1,Not_Provided,PI3k_RAS,1,1,0,1,0,5.797101449,0.25204251,0.142857143,0.725633634
Metastasis,Sigmoid Colon,Left,49,IV,0,MSS,0.09,mCRC Metastasis,0,1,0.0,5.266666667,mod_diff,1,0,0,0,0,0,0,0,0,"Cetuximab,Panitumumab(KRAS p.G12C)",Not_Provided,0.0,Not_Provided,Not_Provided,0,Not_Provided,RAS,1,1,0,1,0,3.623188406,0.214020768,0.25,0.421580129
Metastasis,Cecum,Right,64,IV,0,MSS,0.39,mCRC Metastasis,1,1,0.0,105.3333333,Not_Provided,1,0,0,0,0,0,0,0,0,"Cetuximab,Panitumumab(KRAS p.G12D)",Not_Provided,0.0,alpelisib(PIK3CA p.E545K),LEVEL_3B,1,Not_Provided,PI3k_RAS,1,1,0,1,0,4.347826087,0.101194255,0.2,0.425493373
Metastasis,Rectum,Left,48,IV,1,MSS,2.99,mCRC Metastasis,1,1,0.0,25.06666667,mod_diff,1,0,1,0,0,0,0,0,0,"Cetuximab,Panitumumab(KRAS p.G12D)",Not_Provided,0.0,Not_Provided,Not_Provided,0,Not_Provided,RAS,1,1,0,1,0,6.52173913,0.614879121,0.0,0.493588057
Primary,Rectosigmoid,Left,63,IV,0,MSS,0.0,mCRC Primary,0,0,0.0,1.233333333,Not_Provided,1,1,1,0,0,0,0,0,0,"Cetuximab,Panitumumab(KRAS p.G12V)",Not_Provided,0.0,Not_Provided,Not_Provided,0,Not_Provided,RAS,1,1,0,1,0,6.52173913,0.000544992,0.125,0.370769356
Primary,Rectum,Left,48,IV,1,MSS,0.07,mCRC Primary,0,0,0.0,1.4,Not_Provided,1,0,0,0,0,0,0,0,0,"Cetuximab,Panitumumab(KRAS p.G12A)",Not_Provided,0.0,Not_Provided,Not_Provided,0,Not_Provided,RAS,1,1,0,1,0,5.797101449,0.019066967,0.333333333,0.407160249
Metastasis,Sigmoid Colon,Left,43,IV,1,MSS,0.0,mCRC Metastasis,1,0,0.0,12.2,mod_diff,1,0,0,0,0,0,0,0,0,"Cetuximab,Panitumumab(KRAS p.G12V)",Not_Provided,0.0,Not_Provided,Not_Provided,0,Not_Provided,RAS,1,1,0,1,0,2.898550725,0.010030233,0.333333333,0.327177292
Primary,Sigmoid Colon,Left,48,IV,0,MSS,0.2,mCRC Primary,0,0,0.0,6.7,Not_Provided,1,1,0,1,0,0,0,0,0,"Cetuximab,Panitumumab(KRAS p.G12V)",Not_Provided,0.0,Not_Provided,Not_Provided,0,Not_Provided,RAS,1,1,0,1,0,5.797101449,0.135016224,0.333333333,0.24849971
Metastasis,Sigmoid Colon,Left,68,IV,1,MSS,0.16,mCRC Metastasis,1,1,0.0,39.73333333,mod_diff,1,0,0,0,0,0,0,0,0,"Cetuximab,Panitumumab(KRAS p.G12D)",Not_Provided,0.0,Not_Provided,Not_Provided,0,Not_Provided,RAS,1,1,0,1,0,4.347826087,0.156623756,0.2,0.45888639
Metastasis,Sigmoid Colon,Left,48,IV,0,MSS,0.0,mCRC Metastasis,1,1,0.0,8.566666667,Not_Provided,1,0,0,0,0,0,0,0,0,"Cetuximab,Panitumumab(KRAS p.G12D)",Not_Provided,0.0,Not_Provided,Not_Provided,0,Not_Provided,RAS,1,1,0,1,0,3.623188406,0.002326327,0.25,0.385262835
Metastasis,Sigmoid Colon,Left,52,IV,1,MSS,1.55,mCRC Metastasis,1,0,0.0,30.63333333,mod_diff,1,0,1,0,0,0,0,0,0,"Cetuximab,Panitumumab(KRAS p.A146T)",Not_Provided,0.0,Not_Provided,Not_Provided,0,Not_Provided,RAS,1,1,0,1,0,6.52173913,0.538976083,0.285714286,0.451988169
Metastasis,Sigmoid Colon,Left,60,IV,0,MSS,0.78,mCRC Metastasis,0,1,0.0,10.6,mod_diff,1,0,0,0,0,0,0,0,0,"Cetuximab,Panitumumab(KRAS p.G12S)",Not_Provided,0.0,Not_Provided,Not_Provided,0,Not_Provided,RAS,1,1,0,1,0,5.072463768,0.409933086,0.4,0.587195811
Metastasis,Ascending Colon,Right,58,IV,1,MSS,1.93,mCRC Metastasis,1,0,0.0,15.0,poorly-diff,1,0,0,0,0,0,0,0,0,"Cetuximab,Panitumumab(KRAS p.G12D)",Not_Provided,0.0,alpelisib(PIK3CA p.E542K),LEVEL_3B,1,Not_Provided,PI3k_RAS,1,1,0,1,0,11.66666667,0.301580739,0.166666667,0.54343028
Primary,Sigmoid Colon,Left,62,IV,0,MSS,0.92,mCRC Primary,0,1,0.0,33.8,mod_diff,1,0,0,1,0,0,1,0,0,"Cetuximab,Panitumumab(KRAS p.G13D)",Not_Provided,0.0,alpelisib(PIK3CA p.H1047R),LEVEL_3B,1,Not_Provided,PI3k_RAS,1,1,0,1,0,6.666666667,0.090898161,0.0,0.502018339
Metastasis,Rectum,Left,42,II,0,MSS,0.36,mCRC Metastasis,1,1,18.66666667,28.66666667,mod_diff,1,0,0,0,0,0,0,0,0,"Cetuximab,Panitumumab(KRAS p.A146T)",Not_Provided,0.0,Not_Provided,Not_Provided,0,Not_Provided,RAS,1,1,0,1,0,4.347826087,0.032103482,0.5,0.367131553
Primary,Cecum,Right,90,III,1,MSS,0.39,mCRC Primary,0,0,14.93333333,3.066666667,mod-poorly-diff,1,0,1,0,0,0,0,0,0,"Cetuximab,Panitumumab(KRAS p.G12D)",Not_Provided,0.0,Not_Provided,Not_Provided,0,Not_Provided,RAS,1,1,0,1,0,5.0,0.30494319,0.2,0.470926761
Primary,Rectum,Left,62,III,1,MSS,0.42,mCRC Primary,0,0,4.5,1.533333333,mod_diff,1,0,0,0,0,0,0,0,0,"Cetuximab,Panitumumab(KRAS p.G12D)",Not_Provided,0.0,Not_Provided,Not_Provided,0,Not_Provided,RAS,1,1,0,1,0,5.797101449,0.224247273,0.142857143,0.453338269
Metastasis,Descending Colon,Left,76,IV,0,MSS,0.39,mCRC Metastasis,0,0,0.0,3.7,mod_diff,1,0,0,0,0,0,0,0,0,"Cetuximab,Panitumumab(KRAS p.G13D)",Not_Provided,0.0,alpelisib(PIK3CA p.E545K),LEVEL_3B,1,Not_Provided,PI3k_RAS,1,1,0,1,0,7.971014493,0.426126676,0.222222222,0.458489644
Metastasis,Cecum,Right,60,IV,0,MSS,1.61,mCRC Metastasis,0,0,0.0,7.166666667,Not_Provided,1,0,0,0,0,0,0,0,0,"Cetuximab,Panitumumab(KRAS p.G12V)",Not_Provided,0.0,Not_Provided,Not_Provided,0,Not_Provided,RAS,1,1,0,1,0,5.072463768,0.214179912,0.166666667,0.454931927
Primary,Sigmoid Colon,Left,67,II,0,MSS,0.38,mCRC Primary,0,1,6.6,-3.966666667,mod_diff,1,0,0,0,0,0,0,0,0,"Cetuximab,Panitumumab(KRAS p.G12V)",Not_Provided,0.0,Not_Provided,Not_Provided,0,Not_Provided,PI3k_RAS,1,1,0,1,0,7.971014493,0.219215074,0.1,0.489391763
Primary,Sigmoid Colon,Left,58,IV,0,MSS,1.15,mCRC Primary,0,1,0.0,3.033333333,mod_diff,1,0,0,0,0,0,0,0,0,"Cetuximab,Panitumumab(KRAS p.G12F)",Not_Provided,0.0,Not_Provided,Not_Provided,0,Not_Provided,RAS,1,1,0,1,0,4.347826087,0.179726426,0.2,0.306550345
Metastasis,Rectum,Left,55,IV,1,MSS,2.82,mCRC Metastasis,0,0,0.0,2.233333333,Not_Provided,1,1,0,0,0,1,0,0,0,"Cetuximab,Panitumumab(KRAS p.G12V)",Not_Provided,0.0,Not_Provided,Not_Provided,0,Not_Provided,RAS,1,1,0,1,0,4.347826087,0.48112311,0.0,0.604584803
Primary,Rectum,Left,71,II,1,MSS,0.08,mCRC Primary,1,0,24.4,1.833333333,Not_Provided,1,0,1,0,0,0,0,0,0,"Cetuximab,Panitumumab(NRAS p.Q61L)",Not_Provided,0.0,"Binimetinib+Ribociclib,Selumetinib+Radioiodine Uptake Therapy,Binimetinib(NRAS p.Q61L)",LEVEL_3B,1,Not_Provided,RAS,1,1,0,1,0,4.347826087,0.031975404,0.2,0.311878686
Metastasis,Cecum,Right,46,IV,0,MSS,0.59,mCRC Metastasis,1,1,0.0,14.5,poorly-diff,1,1,0,0,0,0,0,0,0,"Cetuximab,Panitumumab(KRAS p.G12S)",Not_Provided,0.0,Not_Provided,Not_Provided,0,Not_Provided,PI3k_RAS,1,1,0,1,0,10.14492754,0.248152681,0.4,0.456422442
Primary,Ascending Colon,Right,53,IV,1,MSS,0.63,mCRC Primary,0,0,0.0,41.9,mod_diff,1,0,0,0,0,0,0,0,0,"Cetuximab,Panitumumab(KRAS p.G13D)",Not_Provided,0.0,alpelisib(PIK3CA p.E545K),LEVEL_3B,1,Not_Provided,PI3k_RAS,1,1,0,1,0,7.971014493,0.140403801,0.1,0.584892531
Metastasis,Rectum,Left,48,III,0,MSS,0.0,mCRC Metastasis,1,0,45.26666667,4.133333333,poorly-diff,1,1,1,0,0,1,0,0,0,"Cetuximab,Panitumumab(KRAS p.G12D)",Not_Provided,0.0,Not_Provided,Not_Provided,0,No_class,RAS,1,1,0,1,0,2.898550725,0.008003705,0.333333333,0.31783916
Primary,Sigmoid Colon,Left,70,IV,0,MSS,0.88,mCRC Primary,1,1,0.0,107.4,mod_diff,1,0,0,0,0,0,0,0,0,"Cetuximab,Panitumumab(KRAS p.G12D)",Not_Provided,0.0,alpelisib(PIK3CA p.H1047R),LEVEL_3B,1,Not_Provided,PI3k_RAS,1,1,0,1,0,7.246376812,0.308917267,0.0,0.592003526
Primary,Ascending Colon,Right,50,IV,1,MSS,0.0,mCRC Primary,0,1,0.0,2.6,mod-poorly-diff,1,0,0,0,0,0,0,0,0,"Cetuximab,Panitumumab(KRAS p.G12D)",Not_Provided,0.0,Not_Provided,Not_Provided,0,Not_Provided,RAS,1,1,0,1,0,7.971014493,0.036900246,0.375,0.363578142
Primary,Rectum,Left,65,IV,1,MSS,0.08,mCRC Primary,0,0,0.0,16.2,Not_Provided,1,0,1,0,0,0,0,0,0,"Cetuximab,Panitumumab(KRAS p.G13D)",Not_Provided,0.0,Not_Provided,Not_Provided,0,Not_Provided,RAS,1,1,0,1,0,5.833333333,0.000357928,0.333333333,0.326223587
Primary,Ascending Colon,Right,56,IV,0,MSS,0.08,mCRC Primary,0,0,0.0,1.666666667,Not_Provided,1,0,1,0,0,0,0,0,0,"Cetuximab,Panitumumab(KRAS p.G12V);Cetuximab,Panitumumab(KRAS p.G12A)",Not_Provided,0.0,alpelisib(PIK3CA p.E545K),LEVEL_3B,1,Not_Provided,PI3k_RAS,1,1,0,1,0,5.797101449,0.051298559,0.142857143,0.396570759
Metastasis,Transverse Colon,Left,69,IV,1,MSS,3.75,mCRC Metastasis,1,1,0.0,10.2,Not_Provided,1,0,0,0,0,0,0,0,0,"Cetuximab,Panitumumab(KRAS p.G13D)",Not_Provided,0.0,alpelisib(PIK3CA p.H1047R),LEVEL_3B,1,Not_Provided,PI3k_RAS,1,1,0,1,0,10.14492754,0.002509074,0.166666667,0.49667546
Metastasis,Sigmoid Colon,Left,63,IV,0,MSS,4.27,mCRC Metastasis,1,1,0.0,54.66666667,mod_diff,1,0,0,0,0,0,0,0,0,"Cetuximab,Panitumumab(KRAS p.G12D)",Not_Provided,0.0,Not_Provided,Not_Provided,0,Not_Provided,RAS,1,1,0,1,0,4.347826087,0.022690235,0.5,0.525442251
Primary,Rectosigmoid,Left,32,IV,0,MSS,0.26,mCRC Primary,0,1,0.0,1.8,mod_diff,1,0,0,0,0,0,0,0,0,"Cetuximab,Panitumumab(KRAS p.A146T)",Not_Provided,0.0,Not_Provided,Not_Provided,0,Not_Provided,RAS,1,1,0,1,0,5.072463768,0.236311871,0.166666667,0.358748662
Metastasis,Cecum,Right,56,III,1,MSS,0.39,mCRC Metastasis,1,1,5.0,22.36666667,Not_Provided,1,0,0,0,0,0,0,0,0,"Cetuximab,Panitumumab(KRAS p.G12V)",Not_Provided,0.0,Not_Provided,Not_Provided,0,Not_Provided,RAS,1,1,0,1,0,5.797101449,0.216615207,0.142857143,0.501836472
Metastasis,Transverse Colon,Left,55,IV,1,MSS,1.52,mCRC Metastasis,0,0,0.0,13.0,Not_Provided,1,1,1,0,0,1,0,0,0,"Cetuximab,Panitumumab(NRAS p.Q61K)",Not_Provided,0.0,"Binimetinib+Ribociclib,Selumetinib+Radioiodine Uptake Therapy,Binimetinib(NRAS p.Q61K)",LEVEL_3B,1,Not_Provided,RAS,1,1,0,1,0,5.072463768,0.58643485,0.75,0.416778018
Primary,Sigmoid Colon,Left,52,IV,0,MSS,0.08,mCRC Primary,0,1,0.0,6.6,mod_diff,1,0,0,0,0,0,0,0,0,"Cetuximab,Panitumumab(KRAS p.G12A)",Not_Provided,0.0,Not_Provided,Not_Provided,0,Not_Provided,RAS,1,1,0,1,0,4.347826087,0.31207165,0.5,0.516717408
Metastasis,Cecum,Right,74,IV,0,MSS,0.89,mCRC Metastasis,1,1,0.0,10.0,mod_diff,1,0,0,0,0,0,0,0,0,"Cetuximab,Panitumumab(KRAS p.A146T)",Not_Provided,0.0,Not_Provided,Not_Provided,0,Not_Provided,RAS,1,1,0,1,0,4.166666667,0.201903058,0.666666667,0.723519536
Metastasis,Rectum,Left,62,III,1,MSS,0.24,mCRC Metastasis,1,0,13.13333333,1.5,poorly-diff,1,0,0,0,0,0,0,0,0,"Cetuximab,Panitumumab(KRAS p.G12S)",Not_Provided,0.0,Not_Provided,Not_Provided,0,Not_Provided,RAS,1,1,0,1,0,1.449275362,0.001942331,0.0,0.325367978
Primary,Cecum,Right,47,IV,1,MSS,0.52,mCRC Primary,1,0,0.0,8.666666667,mod_diff,1,0,0,0,0,0,0,0,0,"Cetuximab,Panitumumab(KRAS p.G12D)",Not_Provided,0.0,alpelisib(PIK3CA p.R38C),LEVEL_3B,1,Not_Provided,PI3k_RAS,1,1,0,1,0,4.347826087,0.115813469,0.2,0.357289906
Primary,Cecum,Right,66,III,0,MSS,1.27,mCRC Primary,0,0,60.43333333,3.533333333,mod_diff,1,0,1,0,0,0,0,0,0,"Cetuximab,Panitumumab(KRAS p.A146T)",Not_Provided,0.0,Not_Provided,Not_Provided,0,Not_Provided,RAS,1,1,0,1,0,4.347826087,0.28619743,0.0,0.626884081
Primary,Sigmoid Colon,Left,68,IV,0,MSS,0.07,mCRC Primary,0,0,0.0,3.1,Not_Provided,1,0,0,0,0,0,1,0,0,"Cetuximab,Panitumumab(KRAS p.G12D)",Not_Provided,0.0,Not_Provided,Not_Provided,0,Not_Provided,PI3k_RAS,1,1,0,1,0,4.347826087,0.110269344,0.0,0.343670641
Primary,Transverse Colon,Right,31,IV,1,MSS,0.0,mCRC Primary,0,0,0.0,4.833333333,Not_Provided,1,0,0,0,0,0,0,0,0,"Cetuximab,Panitumumab(KRAS p.A146V)","ado-trastuzumab emtansine,Trastuzumab+Pertuzumab,Lapatinib,Trastuzumab(ERBB2 Amplification)",0.0,"Lapatinib+Trastuzumab,Neratinib(ERBB2 Amplification);Neratinib(ERBB2 p.V777L)",LEVEL_2B,3,Not_Provided,RAS,1,1,0,1,0,5.072463768,0.003420725,0.166666667,0.348618347
Primary,Sigmoid Colon,Left,55,II,0,MSS,4.06,mCRC Primary,0,0,48.13333333,8.4,mod_diff,1,1,0,0,0,0,0,0,0,"Cetuximab,Panitumumab(KRAS p.A146T)",Not_Provided,0.0,Not_Provided,Not_Provided,0,Not_Provided,RAS,1,1,0,1,0,4.166666667,0.226946183,0.0,0.711526565
Primary,Rectum,Left,53,II,0,MSS,0.0,mCRC Primary,1,0,7.5,4.133333333,Not_Provided,1,0,1,0,0,0,0,0,0,"Cetuximab,Panitumumab(KRAS p.G12C)",Not_Provided,0.0,Not_Provided,Not_Provided,0,Not_Provided,RAS,1,1,0,1,0,3.623188406,0.014340592,0.0,0.447825231
Metastasis,Cecum,Right,37,IV,1,MSS,0.18,mCRC Metastasis,0,0,0.0,9.7,Not_Provided,1,0,1,0,0,0,0,0,0,"Cetuximab,Panitumumab(KRAS p.G12V)",Not_Provided,0.0,Not_Provided,Not_Provided,0,Not_Provided,RAS,1,1,0,1,0,2.898550725,0.059169145,0.0,0.635423002
Primary,Cecum,Right,58,IV,0,MSS,0.38,mCRC Primary,0,0,0.0,10.23333333,poorly-diff,1,0,0,0,0,0,0,0,0,"Cetuximab,Panitumumab(KRAS p.G12D)",Not_Provided,0.0,Not_Provided,Not_Provided,0,Not_Provided,PI3k_RAS,1,1,0,1,0,3.333333333,0.153497301,0.333333333,0.427782958
Metastasis,Rectum,Left,61,IV,0,MSS,1.24,mCRC Metastasis,1,1,0.0,26.73333333,mod_diff,1,0,0,0,0,0,0,0,0,"Cetuximab,Panitumumab(KRAS p.G12C)",Not_Provided,0.0,Not_Provided,Not_Provided,0,Not_Provided,RAS,1,1,0,1,0,5.072463768,0.48212297,0.166666667,0.544696883
Primary,Descending Colon,Left,54,IV,0,MSS,0.71,mCRC Primary,1,1,0.0,6.8,mod_diff,1,0,0,0,0,0,0,0,0,"Cetuximab,Panitumumab(KRAS p.G12D)",Not_Provided,0.0,alpelisib(PIK3CA p.E545K),LEVEL_3B,1,Not_Provided,PI3k_RAS,1,1,0,1,0,8.695652174,1.29e-06,0.2,0.443128212
Primary,Transverse Colon,Right,51,IV,0,MSS,0.41,mCRC Primary,0,1,0.0,28.46666667,mod_diff,1,0,1,0,0,0,0,0,0,"Cetuximab,Panitumumab(KRAS p.G12D)",Not_Provided,0.0,Not_Provided,Not_Provided,0,Not_Provided,RAS,1,1,0,1,0,4.166666667,0.227414016,0.0,0.565788726
Primary,Sigmoid Colon,Left,25,IV,0,MSS,0.0,mCRC Primary,1,0,0.0,6.533333333,mod_diff,1,1,0,0,0,0,0,0,0,"Cetuximab,Panitumumab(KRAS p.G12V)",Not_Provided,0.0,Not_Provided,Not_Provided,0,Not_Provided,RAS,1,1,0,1,0,3.623188406,0.016866222,0.25,0.317745685
Primary,Rectum,Left,50,IV,1,MSS,1.6,mCRC Primary,0,1,0.0,2.466666667,mod_diff,1,0,0,0,0,0,0,0,0,"Cetuximab,Panitumumab(KRAS p.K117N)",Not_Provided,0.0,alpelisib(PIK3CA p.E545K),LEVEL_3B,1,Not_Provided,PI3k_RAS,1,1,0,1,0,7.971014493,0.098862313,0.222222222,0.320290861
Metastasis,Left Colon,Left,83,IV,0,MSS,1.04,mCRC Metastasis,0,1,0.0,14.53333333,mod_diff,1,0,0,0,0,0,0,0,0,"Cetuximab,Panitumumab(KRAS p.G12A)",Not_Provided,0.0,Not_Provided,Not_Provided,0,Not_Provided,RAS,1,1,0,1,0,5.072463768,0.239118917,0.75,0.372987408
Metastasis,Cecum,Right,67,IV,0,MSS,0.72,mCRC Metastasis,1,0,0.0,38.93333333,mod_diff,1,0,0,0,0,0,1,0,0,"Cetuximab,Panitumumab(KRAS p.A146T)",Not_Provided,0.0,Not_Provided,Not_Provided,0,Not_Provided,PI3k_RAS,1,1,0,1,0,7.5,0.231226774,0.285714286,0.467808011
Metastasis,Cecum,Right,51,IV,1,MSS,2.07,mCRC Metastasis,1,1,0.0,107.9666667,mod_diff,1,0,0,0,0,0,0,0,0,"Cetuximab,Panitumumab(KRAS p.G12D)",Not_Provided,0.0,Not_Provided,Not_Provided,0,Not_Provided,RAS,1,1,0,1,0,2.173913043,0.015406115,0.0,0.611583961
Metastasis,Sigmoid Colon,Left,61,IV,1,MSS,0.53,mCRC Metastasis,0,0,0.0,2.4,mod_diff,1,0,0,0,0,0,0,0,0,"Cetuximab,Panitumumab(KRAS p.G12V)",Not_Provided,0.0,Not_Provided,Not_Provided,0,Not_Provided,RAS,1,1,0,1,0,5.072463768,0.119876434,0.166666667,0.578644343
Metastasis,Ascending Colon,Right,71,IV,1,MSS,0.33,mCRC Metastasis,0,0,0.0,4.6,mod_diff,1,0,0,0,0,0,0,0,0,"Cetuximab,Panitumumab(KRAS p.G12C)",Not_Provided,0.0,Not_Provided,Not_Provided,0,Not_Provided,RAS,1,1,0,1,0,5.072463768,0.186890223,0.0,0.489792739
Primary,Cecum,Right,34,IV,0,MSS,0.45,mCRC Primary,0,1,0.0,11.9,poorly-diff,1,0,0,0,0,0,1,0,0,"Cetuximab,Panitumumab(KRAS p.G12D)",Not_Provided,0.0,alpelisib(PIK3CA p.Q546K),LEVEL_3B,1,Not_Provided,PI3k_RAS,0,0,0,0,0,8.333333333,0.112181185,0.111111111,0.576369484
Metastasis,Ascending Colon,Right,47,IV,0,MSS,0.0,mCRC Metastasis,0,1,0.0,4.133333333,mod_diff,1,0,0,0,0,0,0,0,0,"Cetuximab,Panitumumab(KRAS p.G12D)",Not_Provided,0.0,Not_Provided,Not_Provided,0,Not_Provided,RAS,1,1,0,1,0,5.072463768,0.185581341,0.0,0.392995578
Metastasis,Sigmoid Colon,Left,57,IV,1,MSS,1.05,mCRC Metastasis,1,1,0.0,48.76666667,Not_Provided,1,0,0,0,0,0,0,0,0,"Cetuximab,Panitumumab(KRAS p.Q61H)",Not_Provided,0.0,Not_Provided,Not_Provided,0,Not_Provided,RAS,1,1,0,1,0,5.072463768,0.355433144,0.6,0.547666643
Metastasis,Sigmoid Colon,Left,76,IV,0,MSS,0.0,mCRC Metastasis,1,1,0.0,94.1,mod_diff,1,0,0,0,0,0,0,0,0,"Cetuximab,Panitumumab(KRAS p.G12A)",Not_Provided,0.0,Not_Provided,Not_Provided,0,Not_Provided,RAS,1,1,0,1,0,5.797101449,0.038677159,0.333333333,0.550250402
Primary,Transverse Colon,Left,54,IV,1,MSS,0.09,mCRC Primary,0,1,0.0,5.1,Not_Provided,1,0,0,0,0,0,0,0,0,"Cetuximab,Panitumumab(KRAS p.G12V)",Not_Provided,0.0,Not_Provided,Not_Provided,0,Not_Provided,RAS,1,1,0,1,0,2.898550725,0.126127534,0.0,0.431209109
Primary,Sigmoid Colon,Left,45,IV,1,MSS,0.14,mCRC Primary,1,0,0.0,11.96666667,poorly-diff,1,0,0,0,0,0,0,0,0,"Cetuximab,Panitumumab(KRAS p.G12D)",Not_Provided,0.0,Not_Provided,Not_Provided,0,Not_Provided,RAS,1,1,0,1,0,6.52173913,0.01775397,0.285714286,0.433524171
Metastasis,Cecum,Right,56,IV,1,MSS,0.09,mCRC Metastasis,0,0,0.0,6.6,Not_Provided,1,1,1,0,0,0,1,0,0,"Cetuximab,Panitumumab(KRAS p.G12D)",Not_Provided,0.0,alpelisib(PIK3CA p.H1047Y),LEVEL_3B,1,Not_Provided,PI3k_RAS,1,1,0,1,0,3.623188406,0.03138999,0.0,0.847988641
Primary,Sigmoid Colon,Left,52,IV,1,MSS,0.0,mCRC Primary,0,1,0.0,4.833333333,poorly-diff,1,0,0,0,0,0,0,0,0,"Cetuximab,Panitumumab(KRAS p.G12V)",Not_Provided,0.0,Not_Provided,Not_Provided,0,Not_Provided,RAS,1,1,0,1,0,5.833333333,0.153710764,0.75,0.549013743
Primary,Rectosigmoid,Left,49,IV,1,MSS,0.24,mCRC Primary,1,1,0.0,10.23333333,mod_diff,1,0,1,0,0,0,0,0,0,"Cetuximab,Panitumumab(KRAS p.G12D)",Not_Provided,0.0,alpelisib(PIK3CA p.Q546K),LEVEL_3B,1,Not_Provided,PI3k_RAS,1,1,0,1,0,6.52173913,0.08306074,0.5,0.3661034
Metastasis,Sigmoid Colon,Left,61,IV,0,MSS,0.0,mCRC Metastasis,1,0,0.0,42.33333333,mod_diff,1,0,0,0,0,0,0,1,0,"Cetuximab,Panitumumab(KRAS p.G12D)",Not_Provided,0.0,alpelisib(PIK3CA p.C420R),LEVEL_3B,1,Not_Provided,PI3k_RAS,1,1,0,1,0,5.0,0.01121851,0.0,0.469706933
Primary,Rectum,Left,68,II,1,MSS,0.0,mCRC Primary,1,0,32.66666667,5.233333333,mod_diff,1,1,1,0,0,0,0,0,0,"Cetuximab,Panitumumab(KRAS p.G12D)",Not_Provided,0.0,Not_Provided,Not_Provided,0,Not_Provided,RAS,1,1,0,1,0,5.0,0.211537535,0.2,0.77793005
Metastasis,Ascending Colon,Right,64,IV,1,MSS,1.32,mCRC Metastasis,0,0,0.0,2.033333333,Not_Provided,1,0,0,0,0,0,0,0,0,"Cetuximab,Panitumumab(KRAS p.G12D)",Not_Provided,0.0,AZD5363(AKT1 p.E17K),LEVEL_3B,1,Not_Provided,PI3k_RAS,1,1,0,1,0,5.072463768,0.166590895,0.0,0.482035305
Metastasis,Sigmoid Colon,Left,61,IV,0,MSS,0.25,mCRC Metastasis,0,0,0.0,3.566666667,mod_diff,1,0,1,0,0,0,0,0,0,"Cetuximab,Panitumumab(KRAS p.G12C)",Not_Provided,0.0,Not_Provided,Not_Provided,0,Not_Provided,PI3k_RAS,1,1,0,1,0,4.347826087,0.129158431,0.5,0.550291909
Primary,Ascending Colon,Right,53,IV,1,MSS,0.35,mCRC Primary,0,0,0.0,40.6,mod_diff,1,0,0,0,0,0,0,0,0,"Cetuximab,Panitumumab(KRAS p.G12D)",Not_Provided,0.0,alpelisib(PIK3CA p.E542K),LEVEL_3B,1,Not_Provided,PI3k_RAS,1,1,0,1,0,5.072463768,0.351207051,0.166666667,0.446461255
Metastasis,Ascending Colon,Right,65,IV,0,MSS,0.17,mCRC Metastasis,1,0,0.0,14.23333333,mod_diff,1,0,0,0,0,0,1,1,0,"Cetuximab,Panitumumab(KRAS p.G12D)",Not_Provided,0.0,Not_Provided,Not_Provided,0,Not_Provided,RAS,1,1,0,1,0,3.333333333,0.095358721,0.0,0.607672413
Metastasis,Rectosigmoid,Left,60,II,1,MSS,3.21,mCRC Metastasis,1,1,11.23333333,60.03333333,mod_diff,1,0,0,0,0,0,0,0,0,"Cetuximab,Panitumumab(NRAS p.G12D)",Not_Provided,0.0,"Binimetinib+Ribociclib,Selumetinib+Radioiodine Uptake Therapy,Binimetinib(NRAS p.G12D)",LEVEL_3B,1,Not_Provided,RAS,1,1,0,1,0,7.5,0.582427456,0.125,0.435815419
Metastasis,Sigmoid Colon,Left,45,III,1,POLE,0.31,mCRC Metastasis,1,1,8.6,26.5,Not_Provided,1,0,0,0,0,0,0,0,0,"Cetuximab,Panitumumab(KRAS p.V14I)",Olaparib(BRCA2 p.S1442*),0.0,alpelisib(PIK3CA p.E365K),LEVEL_2B,2,No_class,PI3k_RAS,0,0,0,0,1,207.5,7.5e-06,0.004032258,0.54817833
Primary,Splenic Flexure,Left,60,IV,1,MSS,0.43,mCRC Primary,0,0,0.0,10.7,Not_Provided,1,0,0,0,0,0,1,0,0,"Cetuximab,Panitumumab(KRAS p.G12D)",Not_Provided,0.0,alpelisib(PIK3CA p.Q546R),LEVEL_3B,1,Not_Provided,PI3k_RAS,1,1,0,1,0,7.246376812,0.003524226,0.111111111,0.607960836
Primary,Cecum,Right,78,IV,1,MSS,0.07,mCRC Primary,0,1,0.0,19.6,mod_diff,0,0,0,0,0,0,1,0,0,"Cetuximab,Panitumumab(KRAS p.G12D)",Not_Provided,0.0,alpelisib(PIK3CA p.E545K),LEVEL_3B,1,Not_Provided,PI3k_RAS,1,1,0,1,0,7.246376812,0.111806359,0.25,0.383501312
Primary,Cecum,Right,48,IV,1,MSI,32.04,mCRC Primary,0,0,0.0,1.8,Not_Provided,1,0,0,0,0,0,0,0,0,"Cetuximab,Panitumumab(KRAS p.G12D)",Not_Provided,0.0,"Sonidegib,Vismodegib(PTCH1 p.S1203Afs*52)",LEVEL_3B,1,Not_Provided,RAS,0,0,0,0,1,39.85507246,0.069004187,1.2,0.403379905
Metastasis,Rectosigmoid,Left,41,IV,1,MSS,0.0,mCRC Metastasis,0,1,0.0,3.433333333,mod_diff,1,0,0,0,0,0,0,0,0,"Cetuximab,Panitumumab(KRAS p.Q61R)",Not_Provided,0.0,Not_Provided,Not_Provided,0,Not_Provided,PI3k_RAS,1,1,0,1,0,5.072463768,0.028885811,0.166666667,0.449558869
Primary,Rectum,Left,70,IV,0,MSS,0.28,mCRC Primary,0,0,0.0,15.96666667,Not_Provided,1,0,0,0,0,0,0,0,0,"Cetuximab,Panitumumab(NRAS p.G12D)",Not_Provided,0.0,"Binimetinib+Ribociclib,Selumetinib+Radioiodine Uptake Therapy,Binimetinib(NRAS p.G12D)",LEVEL_3B,1,Not_Provided,RAS,1,1,0,1,0,4.347826087,0.069854038,0.2,0.464276867
Metastasis,Rectum,Left,39,IV,1,MSS,0.15,mCRC Metastasis,0,0,0.0,1.966666667,Not_Provided,1,0,1,0,0,0,1,0,0,"Cetuximab,Panitumumab(KRAS p.G13D)",Not_Provided,0.0,Not_Provided,Not_Provided,0,Not_Provided,RAS,1,1,0,1,0,4.347826087,0.210980383,0.5,0.400626791
Primary,Ascending Colon,Right,51,II,1,MSS,0.17,mCRC Primary,0,1,14.83333333,28.83333333,mod_diff,1,0,0,0,0,0,0,0,0,"Cetuximab,Panitumumab(KRAS p.G12A);Cetuximab,Panitumumab(NRAS p.Q61K)",Not_Provided,0.0,"AZD5363(AKT1 p.E17K);Binimetinib+Ribociclib,Selumetinib+Radioiodine Uptake Therapy,Binimetinib(NRAS p.Q61K)",LEVEL_3B,2,Not_Provided,PI3k_RAS,1,1,0,1,0,6.52173913,0.181951983,0.125,0.4365855
Primary,Transverse Colon,Left,67,IV,1,MSS,0.69,mCRC Primary,0,0,0.0,4.7,Not_Provided,1,0,0,0,0,0,0,0,1,"Cetuximab,Panitumumab(KRAS p.G12D)",Not_Provided,0.0,Not_Provided,Not_Provided,0,Not_Provided,RAS,1,1,0,1,0,5.797101449,0.262401979,0.0,0.469753175
Metastasis,Transverse Colon,Right,45,IV,0,MSS,0.0,mCRC Metastasis,0,1,0.0,17.1,mod-poorly-diff,1,0,0,0,0,0,0,0,0,"Cetuximab,Panitumumab(KRAS p.G13D)",Not_Provided,0.0,Not_Provided,Not_Provided,0,Not_Provided,RAS,1,1,0,1,0,5.797101449,0.033319692,0.333333333,0.368857301
Primary,Sigmoid Colon,Left,61,IV,0,MSS,1.36,mCRC Primary,1,0,0.0,12.1,mod_diff,1,0,1,0,0,0,0,0,0,"Cetuximab,Panitumumab(KRAS p.G12D)",Not_Provided,0.0,Not_Provided,Not_Provided,0,Not_Provided,RAS,1,1,0,1,0,5.072463768,0.434897899,0.4,0.370030011
Metastasis,Descending Colon,Left,43,IV,1,MSS,1.42,mCRC Metastasis,1,0,0.0,19.56666667,mod_diff,1,0,0,0,0,0,0,0,0,"Cetuximab,Panitumumab(KRAS p.G12V)",Not_Provided,0.0,Not_Provided,Not_Provided,0,Not_Provided,RAS,1,1,0,1,0,4.347826087,0.393531227,0.0,0.447455718
Metastasis,Hepatic Flexure,Right,41,IV,0,MSS,0.47,mCRC Metastasis,1,1,0.0,103.4333333,mod_diff,1,0,0,0,0,0,0,0,0,"Cetuximab,Panitumumab(KRAS p.G13C)",Not_Provided,0.0,Not_Provided,Not_Provided,0,Not_Provided,RAS,1,1,0,1,0,6.52173913,0.264362265,0.0,0.416396126
Metastasis,Sigmoid Colon,Left,68,II,0,MSS,1.86,mCRC Metastasis,1,1,14.7,193.3333333,Not_Provided,0,0,0,0,0,0,1,0,0,"Cetuximab,Panitumumab(KRAS p.G12A)",Not_Provided,0.0,Not_Provided,Not_Provided,0,Not_Provided,RAS,1,1,0,1,0,6.52173913,0.291339729,0.285714286,0.623170248
Primary,Cecum,Right,60,IV,1,MSS,1.49,mCRC Primary,0,0,0.0,32.2,Not_Provided,1,0,0,0,0,0,0,0,0,"Cetuximab,Panitumumab(KRAS p.G12D)",Not_Provided,0.0,AZD5363(AKT1 p.E17K),LEVEL_3B,1,Not_Provided,PI3k_RAS,1,1,0,1,0,8.695652174,0.277566115,0.2,0.717185316
Primary,Rectum,Left,57,IV,1,MSS,0.37,mCRC Primary,0,0,0.0,3.866666667,Not_Provided,1,0,1,0,0,0,0,0,0,"Cetuximab,Panitumumab(KRAS p.G12V)","ado-trastuzumab emtansine,Trastuzumab+Pertuzumab,Lapatinib,Trastuzumab(ERBB2 Amplification)",0.0,"Lapatinib+Trastuzumab,Neratinib(ERBB2 Amplification)",LEVEL_2B,2,Not_Provided,RAS,1,1,0,1,0,7.246376812,0.133288982,0.0,0.282011167
Primary,Rectum,Left,50,IV,1,MSS,1.53,mCRC Primary,0,1,0.0,19.33333333,Not_Provided,1,1,0,0,0,0,0,0,0,"Cetuximab,Panitumumab(KRAS p.G12D)",Not_Provided,0.0,alpelisib(PIK3CA p.E545K);alpelisib(PIK3CA p.E542K),LEVEL_3B,2,Not_Provided,PI3k_RAS,1,1,0,1,0,5.797101449,0.318600889,0.333333333,0.523247895
Primary,Colon,Not_Provided,51,IV,1,MSS,0.16,mCRC Primary,0,1,0.0,7.266666667,mod_diff,1,0,0,0,0,0,0,0,0,"Cetuximab,Panitumumab(KRAS p.A146T)",Not_Provided,0.0,alpelisib(PIK3CA p.Q546K);alpelisib(PIK3CA p.E726K),LEVEL_3B,2,Not_Provided,PI3k_RAS,0,0,0,1,0,6.666666667,0.122723735,0.142857143,0.384336418
Metastasis,Ascending Colon,Right,68,I,0,MSS,0.0,mCRC Metastasis,0,1,89.63333333,4.6,mod_diff,1,0,0,0,0,0,0,0,0,"Cetuximab,Panitumumab(KRAS p.G12V)",Not_Provided,0.0,alpelisib(PIK3CA p.E542K),LEVEL_3B,1,Not_Provided,PI3k_RAS,1,1,0,1,0,5.797101449,0.00031309,0.333333333,0.413929342
Primary,Transverse Colon,Right,46,IV,1,MSI,29.42,mCRC Primary,0,1,0.0,88.53333333,mod-poorly-diff,1,0,0,0,0,0,0,0,0,"Cetuximab,Panitumumab(KRAS p.G13D)","Dabrafenib,Vemurafenib+Cobimetinib,Trametinib,Trametinib+Dabrafenib,Vemurafenib(BRAF p.V600E)",0.0,Not_Provided,LEVEL_2B,1,1,PI3k_RAS,0,0,0,0,1,55.83333333,0.093850897,0.046875,0.748850416
Metastasis,Ascending Colon,Right,59,II,1,MSS,3.31,mCRC Metastasis,1,1,11.7,14.23333333,mod_diff,1,0,0,0,0,0,0,0,0,"Cetuximab,Panitumumab(KRAS p.G13D)",Not_Provided,0.0,"AZD4547,Dovitinib(FGFR1 Amplification)",LEVEL_3B,1,Not_Provided,RAS,1,1,0,1,0,5.072463768,0.428202833,0.166666667,0.678816147
Primary,Sigmoid Colon,Left,53,IV,0,MSS,0.0,mCRC Primary,1,0,0.0,11.5,mod_diff,1,0,0,0,0,0,0,0,0,"Cetuximab,Panitumumab(NRAS p.Q61L)",Not_Provided,0.0,"Binimetinib+Ribociclib,Selumetinib+Radioiodine Uptake Therapy,Binimetinib(NRAS p.Q61L)",LEVEL_3B,1,Not_Provided,RAS,1,1,0,1,0,2.898550725,0.022992305,0.333333333,0.367904399
Metastasis,Rectum,Left,53,IV,0,MSS,2.51,mCRC Metastasis,1,0,0.0,33.1,mod-poorly-diff,1,0,0,0,0,0,0,0,0,"Cetuximab,Panitumumab(KRAS p.G13D)",Not_Provided,0.0,Not_Provided,Not_Provided,0,Not_Provided,PI3k_RAS,0,0,0,0,0,13.76811594,0.488817159,0.266666667,0.512821446
Primary,Sigmoid Colon,Left,61,IV,1,MSS,0.65,mCRC Primary,0,0,0.0,2.6,mod_diff,1,0,0,0,0,0,0,0,0,"Cetuximab,Panitumumab(KRAS p.G12V)",Not_Provided,0.0,Not_Provided,Not_Provided,0,Not_Provided,PI3k_RAS,0,0,0,0,0,4.347826087,0.193732121,0.2,0.393068077
Primary,Ascending Colon,Right,63,IV,0,MSS,0.2,mCRC Primary,0,0,0.0,45.36666667,mod_diff,1,0,0,0,0,0,0,0,0,"Cetuximab,Panitumumab(KRAS p.G12D)",Not_Provided,0.0,Not_Provided,Not_Provided,0,Not_Provided,PI3k_RAS,1,1,0,1,0,5.797101449,0.496907277,0.142857143,0.53883061
Metastasis,Rectum,Left,48,IV,1,MSS,0.31,mCRC Metastasis,1,1,0.0,48.1,mod_diff,1,0,0,0,0,0,0,0,0,"Cetuximab,Panitumumab(KRAS p.G12D)",Not_Provided,0.0,Not_Provided,Not_Provided,0,Not_Provided,RAS,1,1,0,1,0,5.797101449,0.095376614,0.0,0.353087738
Metastasis,Cecum,Right,51,III,1,MSS,0.07,mCRC Metastasis,1,1,11.6,37.2,mod_diff,1,0,0,0,0,0,0,0,0,"Cetuximab,Panitumumab(KRAS p.G12D)",Not_Provided,0.0,Not_Provided,Not_Provided,0,Not_Provided,RAS,1,1,0,1,0,5.797101449,0.061444091,0.333333333,0.508591769
Primary,Ascending Colon,Right,66,IV,0,MSS,0.58,mCRC Primary,0,0,0.0,3.166666667,mod_diff,1,0,0,0,0,0,1,0,0,"Cetuximab,Panitumumab(KRAS p.G12A)",Not_Provided,0.0,alpelisib(PIK3CA p.E542K),LEVEL_3B,1,Not_Provided,PI3k_RAS,1,1,0,1,0,5.072463768,0.071932147,0.4,0.354688757
Metastasis,Rectum,Left,31,III,0,MSS,0.84,mCRC Metastasis,1,0,24.2,8.833333333,mod_diff,1,0,1,0,0,0,0,0,0,"Cetuximab,Panitumumab(KRAS p.G12C)",Not_Provided,0.0,Not_Provided,Not_Provided,0,Not_Provided,RAS,1,1,0,1,0,2.898550725,0.38232929,0.333333333,0.461004133
Metastasis,Descending Colon,Left,65,IV,1,MSS,2.73,mCRC Metastasis,1,1,0.0,8.3,mod_diff,1,0,0,0,0,0,0,0,0,"Cetuximab,Panitumumab(KRAS p.G12V)",Not_Provided,0.0,Not_Provided,Not_Provided,0,Not_Provided,RAS,1,1,0,1,0,6.52173913,0.332631943,0.285714286,0.751324706
Metastasis,Transverse Colon,Right,40,II,1,MSS,0.0,mCRC Metastasis,1,1,94.33333333,5.433333333,Not_Provided,1,0,0,0,0,0,0,0,0,"Cetuximab,Panitumumab(KRAS p.G12V)",Not_Provided,0.0,Not_Provided,Not_Provided,0,Not_Provided,RAS,1,1,0,1,0,2.173913043,8.98e-05,0.0,0.447914282
Metastasis,Ascending Colon,Right,44,IV,1,MSS,0.17,mCRC Metastasis,1,1,0.0,55.2,mod_diff,1,0,0,0,0,0,0,0,0,"Cetuximab,Panitumumab(NRAS p.Q61K)",Not_Provided,0.0,"Binimetinib+Ribociclib,Selumetinib+Radioiodine Uptake Therapy,Binimetinib(NRAS p.Q61K);alpelisib(PIK3CA p.N345K)",LEVEL_3B,2,Not_Provided,PI3k_RAS,1,1,0,1,0,5.072463768,0.010758145,0.4,0.519904026
Primary,Hepatic Flexure,Right,66,IV,1,MSS,0.08,mCRC Primary,0,0,0.0,9.433333333,Not_Provided,1,1,0,0,0,0,1,0,0,"Cetuximab,Panitumumab(KRAS p.G12C)",Not_Provided,0.0,Not_Provided,Not_Provided,0,Not_Provided,RAS,1,1,0,1,0,2.5,0.013391406,0.5,0.37227049
Metastasis,Transverse Colon,Left,62,II,1,MSS,0.89,mCRC Metastasis,1,1,57.1,20.7,mod_diff,1,0,0,0,0,0,0,0,0,"Cetuximab,Panitumumab(KRAS p.G12D)",Not_Provided,0.0,Not_Provided,Not_Provided,0,Not_Provided,RAS,1,1,0,1,0,2.173913043,0.540092582,0.0,0.570115301
Metastasis,Rectosigmoid,Left,47,IV,0,MSS,1.68,mCRC Metastasis,1,0,0.0,36.13333333,mod-poorly-diff,1,0,0,0,0,0,0,0,0,"Cetuximab,Panitumumab(NRAS p.G12D)",Not_Provided,0.0,"Binimetinib+Ribociclib,Selumetinib+Radioiodine Uptake Therapy,Binimetinib(NRAS p.G12D)",LEVEL_3B,1,Not_Provided,RAS,1,1,0,1,0,3.623188406,0.430205185,0.666666667,0.352989109
Primary,Rectosigmoid,Left,62,IV,0,MSS,0.34,mCRC Primary,0,0,0.0,3.933333333,Not_Provided,1,0,1,0,0,0,0,0,0,"Cetuximab,Panitumumab(NRAS p.Q61L)",Not_Provided,0.0,"Binimetinib+Ribociclib,Selumetinib+Radioiodine Uptake Therapy,Binimetinib(NRAS p.Q61L)",LEVEL_3B,1,Not_Provided,RAS,1,1,0,1,0,5.797101449,0.188960417,0.142857143,0.390696724
Metastasis,Sigmoid Colon,Left,31,IV,1,MSS,0.96,mCRC Metastasis,1,0,0.0,30.4,Not_Provided,1,0,0,0,0,0,0,0,0,"Cetuximab,Panitumumab(KRAS p.G13D)",Not_Provided,0.0,Not_Provided,Not_Provided,0,Not_Provided,RAS,1,1,0,1,0,6.52173913,0.197429509,0.125,0.376660477
Primary,Ascending Colon,Right,44,IV,0,MSS,0.0,mCRC Primary,0,0,0.0,3.366666667,Not_Provided,1,1,0,0,0,0,0,0,0,"Cetuximab,Panitumumab(KRAS p.G12D)",Not_Provided,0.0,Not_Provided,Not_Provided,0,Not_Provided,RAS,1,1,0,1,0,5.072463768,0.123431061,0.0,0.392471183
Primary,Cecum,Right,47,IV,1,MSS,2.72,mCRC Primary,0,0,0.0,16.86666667,mod_diff,1,0,0,0,0,0,0,0,0,"Cetuximab,Panitumumab(KRAS p.G12D)",Crizotinib(MET Amplification),0.0,Not_Provided,LEVEL_2B,1,Not_Provided,RAS,1,1,0,1,0,2.5,0.463856939,0.0,0.904696507
Primary,Transverse Colon,Right,34,IV,1,MSS,0.0,mCRC Primary,0,0,0.0,14.66666667,mod_diff,1,0,0,0,0,0,0,0,0,"Cetuximab,Panitumumab(KRAS p.G12S)",Not_Provided,0.0,Not_Provided,Not_Provided,0,Not_Provided,RAS,1,1,0,1,0,3.333333333,0.128052262,0.25,0.446538474
Primary,Rectum,Left,62,IV,0,MSS,0.0,mCRC Primary,1,1,0.0,17.56666667,mod_diff,1,0,0,0,0,0,0,0,0,"Cetuximab,Panitumumab(NRAS p.G12V)",Not_Provided,0.0,"Binimetinib+Ribociclib,Selumetinib+Radioiodine Uptake Therapy,Binimetinib(NRAS p.G12V)",LEVEL_3B,1,Not_Provided,RAS,1,1,0,1,0,2.898550725,0.135159088,0.0,0.360894322
Metastasis,Ascending Colon,Right,55,III,0,MSS,0.34,mCRC Metastasis,1,0,15.63333333,9.2,mod_diff,1,0,0,0,0,0,0,0,0,"Cetuximab,Panitumumab(KRAS p.G12D)",Olaparib(BRCA2 p.D1868Vfs*5),0.0,Not_Provided,LEVEL_2B,1,Not_Provided,RAS,1,1,0,1,0,5.833333333,0.080626531,0.166666667,0.437719956
Metastasis,Sigmoid Colon,Left,49,IV,0,MSS,0.16,mCRC Metastasis,0,0,0.0,1.666666667,Not_Provided,1,0,0,0,0,0,0,0,0,"Cetuximab,Panitumumab(KRAS p.G12V)",Not_Provided,0.0,Not_Provided,Not_Provided,0,Not_Provided,RAS,1,1,0,1,0,5.072463768,0.19126078,0.0,0.427803082
Metastasis,Rectosigmoid,Left,67,II,1,MSS,0.97,mCRC Metastasis,1,1,4.833333333,35.73333333,mod_diff,1,0,0,0,0,0,0,0,0,"Cetuximab,Panitumumab(NRAS p.G12C)",Not_Provided,0.0,"Binimetinib+Ribociclib,Selumetinib+Radioiodine Uptake Therapy,Binimetinib(NRAS p.G12C)",LEVEL_3B,1,Not_Provided,RAS,1,1,0,1,0,7.246376812,0.090019574,0.111111111,0.337898204
Metastasis,Sigmoid Colon,Left,54,IV,0,MSS,1.86,mCRC Metastasis,1,1,0.0,135.9333333,mod_diff,1,0,0,0,0,0,0,0,0,"Cetuximab,Panitumumab(KRAS p.G12V)",Not_Provided,0.0,Not_Provided,Not_Provided,0,Not_Provided,RAS,1,1,0,1,0,7.5,0.473788712,0.8,0.40463447
Metastasis,Sigmoid Colon,Left,42,IV,1,MSS,9.41,mCRC Metastasis,1,1,0.0,54.36666667,Not_Provided,1,0,0,0,0,0,0,0,0,"Cetuximab,Panitumumab(KRAS p.G12V)",Not_Provided,0.0,Not_Provided,Not_Provided,0,Not_Provided,RAS,1,1,0,1,0,15.94202899,0.008315608,0.045454545,0.702513889
Primary,Rectum,Left,61,IV,1,MSS,4.57,mCRC Primary,0,0,0.0,6.233333333,Not_Provided,1,1,0,0,0,0,0,0,0,"Cetuximab,Panitumumab(KRAS p.G13D)",Not_Provided,0.0,Not_Provided,Not_Provided,0,3,RAS,1,1,0,1,0,2.898550725,0.406414975,0.0,0.518538006
Metastasis,Not_Provided,Not_Provided,57,IV,0,MSS,0.59,mCRC Metastasis,1,1,0.0,36.63333333,Not_Provided,1,0,1,0,0,0,0,0,0,"Cetuximab,Panitumumab(KRAS p.G12R)",Not_Provided,0.0,Not_Provided,Not_Provided,0,Not_Provided,RAS,0,0,0,1,0,1.449275362,0.001341846,0.0,0.621887695
Metastasis,Sigmoid Colon,Left,50,I,1,MSS,1.67,mCRC Metastasis,0,0,29.5,17.76666667,Not_Provided,1,0,1,0,0,0,0,0,0,"Cetuximab,Panitumumab(KRAS p.G12D)",Not_Provided,0.0,Not_Provided,Not_Provided,0,Not_Provided,RAS,1,1,0,1,0,5.833333333,0.225450818,0.166666667,0.586303929
Metastasis,Descending Colon,Left,72,IV,1,MSS,0.42,mCRC Metastasis,1,1,0.0,55.0,mod_diff,1,0,0,0,0,0,0,0,0,"Cetuximab,Panitumumab(KRAS p.G12A)",Not_Provided,0.0,Not_Provided,Not_Provided,0,Not_Provided,RAS,1,1,0,1,0,6.52173913,0.14651449,0.285714286,0.406721862
Metastasis,Colon,Not_Provided,75,IV,0,MSS,3.31,mCRC Metastasis,0,1,0.0,97.13333333,mod_diff,1,0,0,0,0,0,0,0,0,"Cetuximab,Panitumumab(KRAS p.A146T)",Not_Provided,0.0,Not_Provided,Not_Provided,0,Not_Provided,RAS,0,0,0,1,0,5.072463768,0.267468399,0.75,0.743294299
